Film_title,Release_year,Director,Cast,Average_rating,Owner_rating,Genres,Runtime,Countries,Original_language,Spoken_languages,Description,Studios,Watches,List_appearances,Likes,Fans,½,★,★½,★★,★★½,★★★,★★★½,★★★★,★★★★½,★★★★★,Total_ratings,Film_URL
Interstellar,2014,Christopher Nolan,"['Matthew McConaughey', 'Anne Hathaway', 'Michael Caine', 'Jessica Chastain', 'Casey Affleck', 'Wes Bentley', 'Topher Grace', 'Mackenzie Foy', 'Ellen Burstyn', 'John Lithgow', 'Bill Irwin', 'David Gyasi', 'Timothée Chalamet', 'Matt Damon', 'Josh Stewart', 'Leah Cairns', 'Liam Dickinson', 'Francis X. McCarthy', 'William Devane', 'Andrew Borba', 'Elyes Gabel', 'David Oyelowo', 'Collette Wolfe', 'Jeff Hephner', 'Russ Fega', 'Lena Georgas', 'Brooke Smith', 'Griffen Fraser', 'Flora Nolan', 'Kristian Van der Heyden', 'William Patrick Brown', 'Benjamin Hardy', 'Joseph Oliveira', 'Alexander Michael Helisek', 'Ryan Irving']",4.35,nan,"['Science Fiction', 'Drama', 'Adventure']",169,"['UK', 'USA']",English,['English'],The adventures of a group of explorers who make use of a newly discovered wormhole to surpass the limitations on human space travel and conquer the vast distances involved in an interstellar voyage.,"['Legendary Pictures', 'Syncopy', 'Lynda Obst Productions']",3518636,448204,1634431,196000,4166,10763,5419,36484,28859,159819,155316,526165,356464,1180012,2463467,https://letterboxd.com/film/interstellar/
The Devil Wears Prada,2006,David Frankel,"['Anne Hathaway', 'Meryl Streep', 'Emily Blunt', 'Stanley Tucci', 'Simon Baker', 'Adrian Grenier', 'Tracie Thoms', 'Rich Sommer', 'Daniel Sunjata', 'David Marshall Grant', 'James Naughton', 'Tibor Feldman', 'Rebecca Mader', 'Jimena Hoyos', 'Gisele Bündchen', 'George C. Wolfe', 'John Rothman', 'Stephanie Szostak', 'Colleen Dengel', 'Suzanne Dengel', 'Heidi Klum', 'Valentino Garavani', 'Bridget Hall', 'Ines Rivero', 'Alyssa Sutherland', 'Robert Verdi', 'Paul Keany', 'David Callegati', 'Rori Cannon', 'Stan Newman', 'James Cronin', 'Eric Seltzer', 'Lindsay Brice', 'Steve Benisty', 'John Graham', 'Wells Dixon', 'Ilona Alexandra', 'Frank Anello', 'Alexander Blaise', 'Marie Brandt', 'Carl Burrows', 'Dono Cunningham', 'Guy A. Fortt', 'Alexie Gilmore', 'Toree Hill', 'Vivian Kalinov', 'Tim Krueger', 'Hector Lincoln', 'Nina Lisandrello', 'Zev McAllister', 'Matt Murray', 'Ingrid Sophie Schram', 'Bobby Shue', 'Brandhyze Stanley', 'Jen Taylor', 'Taylor Treadwell', 'Donatella Versace', 'Lauren Weisberger', 'Laura D. Williams']",3.78,nan,"['Comedy', 'Drama']",109,['USA'],English,"['English', 'French']","Andy moves to New York to work in the fashion industry. Her boss is extremely demanding, cruel and won't let her succeed if she doesn't fit into the high class elegant look of their magazine.","['Fox 2000 Pictures', '20th Century Fox', 'Wendy Finerman Productions']",1848455,153043,557325,23000,1575,5027,4663,26299,35013,169084,183170,333083,88422,243181,1089517,https://letterboxd.com/film/the-devil-wears-prada/
The Dark Knight Rises,2012,Christopher Nolan,"['Christian Bale', 'Michael Caine', 'Gary Oldman', 'Anne Hathaway', 'Tom Hardy', 'Marion Cotillard', 'Joseph Gordon-Levitt', 'Morgan Freeman', 'Matthew Modine', 'Juno Temple', 'Ben Mendelsohn', 'Burn Gorman', 'Daniel Sunjata', 'Cillian Murphy', 'Alon Abutbul', 'Liam Neeson', 'Nestor Carbonell', 'Josh Stewart', 'Aidan Gillen', 'Tom Conti', 'Joey King', 'Josh Pence', 'John Nolan', 'Warren Brown', 'Sam Kennard', 'Nick Julian', 'Miranda Nolan', 'Claire Julien', 'Brett Cullen', 'Reggie Lee', 'Joseph Lyle Taylor', 'Chris Ellis', 'Duane Henry', 'James Harvey Ward', 'Gonzalo Menendez', 'Cameron Jack', 'Lex Daniel', 'Tyler Dean Flores', 'Thomas Lennon', 'Trevor White', 'Rob Brown', 'Daina Griffith', 'Fredric Lehne', 'Courtney Munch', 'Chris Hill', 'Travis Guba', 'Jay Benedict', 'Will Estes', 'David Dayan Fisher', 'Glen Powell', 'Ben Cornish', 'Russ Fega', 'Andres Perez-Molina', 'Brent Briscoe', 'Oliver Cotton', 'Mark Killeen', 'Sarah Goldberg', 'John Macmillan', 'Robert Wisdom', 'Ronnie Gene Blevins', 'John Hollingworth', 'Ian Bohen', 'Uri Gavriel', 'Noel Gugliemi', 'Hector Atreyu Ruiz', 'Patrick Cox', 'Aramis Knight', 'William Devane', 'David Gyasi', 'Patrick Jordan', 'Joshua Elijah Reese', 'Desmond Harrington', 'Mychael Bates', 'Tomas Arana', 'Peter Holden', 'David Monahan', 'Jillian Armenante', 'Aja Evans', 'Aldous Davidson', 'Wade Williams', 'Jake Canuso', 'Julie Mun', 'Rory Nolan', 'Harry Coles', 'Massi Furlan', 'Todd Gearhart', 'Christopher Judge', 'Patrick Leahy', 'Kevin Kiely Jnr', 'Daniel Newman', 'Isiah Adams', 'Charlie Alejandro', 'Robert Arensen', 'Grant Babbitt', 'Fileena Bahris', 'Rick Bolander', 'Kyle Patrick Brennan', 'Scott Churchson', 'Bill Cowher', 'Graham Curry', 'Aaron Eckhart', 'Stephanie Domini', 'John Farrer', 'Frank Fata', 'Christopher Bryan Gomez', 'Vito Grassi', 'Michael Wren Gucciardo', 'Ed Heavey', 'John W. Iwanonkiw', 'Cindy Jackson', 'Daniel Jordano', 'Tiffany Kemp', 'Sun Jae Kim', 'Hrvoje Klecz', 'Alex Kruz', 'Tyler La Marr', 'LeJon Stewart', 'Paul Jude Letersky', 'Joe Lipari', 'Silvia Lombardo', 'Jorge Mardel', 'Cale McConnell', 'David Dale McCue', 'Michael Papajohn', 'Salomon Passariello', 'Allen Merritt', 'Olan Montgomery', 'Alex Moore', 'Shane Nolan', 'Kyle David Pierce', 'Troy Polamalu', 'Michael Power', 'James Rawlings', 'Kirsten Roeters', 'Ben Roethlisberger', 'Mark Roman', 'Eric Salazar', 'Emily Schooley', 'Thomas Tull', 'Chris Vaina', 'Barbara Vincent', 'Justin Michael Woods', 'Jason Yee', 'John Zion', 'Alex Ziwak', 'Tommy Bayiokos', 'Jeff Moffitt', 'Diogo Hausen', 'Gary Sievers', 'Orion McCabe', 'London May', 'James Quinn', 'Joe Fishel', 'Ming Wang', 'Simon Rhee', 'Hines Ward', 'Heath Miller', 'Collin Taylor', 'Antonio Piluso', 'Jackson Nunn', 'Aljaž Tepina']",3.74,nan,"['Thriller', 'Drama', 'Crime', 'Action']",165,"['USA', 'UK']",English,['English'],"Following the death of District Attorney Harvey Dent, Batman assumes responsibility for Dent's crimes to protect the late attorney's reputation and is subsequently hunted by the Gotham City Police Department. Eight years later, Batman encounters the mysterious Selina Kyle and the villainous Bane, a new terrorist leader who overwhelms Gotham's finest. The Dark Knight resurfaces to protect a city that has branded him an enemy.","['Syncopy', 'Legendary Pictures', 'DC Entertainment', 'Warner Bros. Pictures']",1944443,234828,508805,4500,2591,7853,7438,38814,47310,196882,220351,363420,124546,145576,1154781,https://letterboxd.com/film/the-dark-knight-rises/
Brokeback Mountain,2005,Ang Lee,"['Heath Ledger', 'Jake Gyllenhaal', 'Michelle Williams', 'Anne Hathaway', 'Randy Quaid', 'Linda Cardellini', 'Anna Faris', 'David Harbour', 'Roberta Maxwell', 'Kate Mara', 'Peter McRobbie', 'Graham Beckel', 'Mary Liboiron', 'Scott Michael Campbell', 'Marty Antonini', 'David Trimble', 'Larry Reese', 'Valerie Planche', 'Victor Reyes', 'Lachlan Mackintosh', 'Tom Carey', 'Don Bland', 'Steven Cree Molison', 'Duval Lang', 'Dan McDougall', 'Dean Barrett', 'Kade Phillips', 'Steffen Cole Moser', 'Cheyenne Hill', 'Cayla Wolever', 'Sarah Hyslop', 'Jacey Kenny', 'Keanna Dubé', 'Brooklynn Proulx', 'Hannah Stewart', 'Jake Church', 'James Baker', 'Pete Seadon', 'Jerry Callaghan', 'Ken Zilka', 'John Tench', 'Will Martin', 'Gary Lauder', 'Christian Fraser', 'Cam Sutherland', 'Barb Mitchell', 'Rodrigo Prieto', 'Ken Roberts', 'Kailin See', 'Jayson Therrien', 'Erika Walter']",4.11,nan,"['Romance', 'Drama']",134,"['Canada', 'USA']",English,['English'],"Two modern-day cowboys meet on a shepherding job in the summer of '63, the two share a raw and powerful summer together that turns into a lifelong relationship conflicting with the lives they are supposed to live.","['Focus Features', 'River Road Entertainment', 'Alberta Film Entertainment']",1007674,175552,334144,20000,1554,2951,1762,10199,10561,59151,74139,205686,99997,177831,643831,https://letterboxd.com/film/brokeback-mountain/
Ocean's Eight,2018,Gary Ross,"['Sandra Bullock', 'Cate Blanchett', 'Sarah Paulson', 'Anne Hathaway', 'Awkwafina', 'Helena Bonham Carter', 'Mindy Kaling', 'Rihanna', 'Richard Armitage', 'James Corden', 'Dakota Fanning', 'Nathanya Alexander', 'Damian Young', 'Elliott Gould', 'Marlo Thomas', 'Dana Ivey', 'Mary Louise Wilson', 'Elizabeth Ashley', 'Anna Wintour', 'Maria Sharapova', 'Serena Williams', 'Kim Kardashian', 'Common', 'Adriana Lima', 'Desiigner', 'Kylie Jenner', 'Alexander Wang', 'Liu Wen', 'Kendall Jenner', 'Gigi Hadid', 'Lily Aldridge', 'Olivia Munn', 'Jaime King', 'Hailey Bieber', 'Derek Blasberg', 'Sofia Richie', 'Rainey Qualley', 'Midori Francis', 'Gemma Forbes', 'Charlotte Kirk', 'Whitney White', 'Brian J. Carter', 'Timothy Woods', 'Talia Cuomo', 'Charles Prendergast', 'Richard Robichaux', 'Gideon Glick', 'James Hindman', 'Eaddy Kiernan', 'McNally Sagal', 'Caitlin Mehner', 'James Biberi', 'Migs Govea', 'Shannon Freyer', 'Freddy J. Davila', 'Francesca Calo', 'Deidre Goodwin', 'Sas Goldberg', 'Linda Atkinson', 'Craig Waletzko', 'Naheed Khan', 'Alexandre De Betak', 'Will Stephen', 'Alexander Blaise', 'Asher Bailey', 'Brian Anthony Wilson', 'David Little', 'Liana Wright-Mark', 'Christopher Batyr', 'Clark Carmichael', 'Nancy Lemenager', 'Bianca LaVerne Jones', 'Natasha Harper', 'Grant Hyun', 'Tatiana Spottiswoode', 'Edward Barsamian', 'Whit Anderson', 'Conor Donovan', 'Michael Gandolfini', 'Robert G. McKay', 'Soraya Butler', 'Waris Ahluwalia', 'Dennis Basso', 'Andrew Bolton', 'Hamish Bowles', 'Leon Bridges', 'Cindy Bruna', 'Anna Ewers', 'Wes Gordon', 'Tonne Goodman', 'Prabal Gurung', 'Matt Harvey', 'Dee Hilfiger', 'Tommy Hilfiger', 'Aerin Lauder', 'Nick Mangold', 'John McEnroe', 'Wendi Murdoch', 'Kimberly Pauley', 'Amy Robach', 'Sofia Sanchez de Betak', 'Jonathan Simkhai', 'Cameron Winklevoss', 'Tyler Winklevoss', 'Georgia Witkin', 'Jason Wu', 'Griffin Dunne', 'Daniella Rabbani', 'Daniel May Wong', 'Jill Marie Lawrence', 'Kevin Dotcom Brown', 'Jimmy Kieffer', 'Steven Hauck', 'David Gibson', 'Katherine Hozier-Adams', 'Doug Yasuda', 'Simon Feil', 'Suzanne Jaehne', 'Shaobo Qin', 'Katie Holmes', 'Zac Posen', 'Heidi Klum', 'Lauren Santo Domingo', 'Griffin Newman', 'Nina Cuso', 'Sophia Slaysman']",3.29,nan,"['Crime', 'Action', 'Comedy']",111,['USA'],English,"['English', 'German']","Debbie Ocean, a criminal mastermind, gathers a crew of female thieves to pull off the heist of the century at New York's annual Met Gala.","['Village Roadshow Pictures', 'Warner Bros. Pictures', 'Larger Than Life Productions', 'Rahway Road Productions']",955967,76476,206219,4800,4988,11972,10242,41575,46510,127164,91837,112185,26941,71661,545075,https://letterboxd.com/film/oceans-eight/
The Princess Diaries,2001,Garry Marshall,"['Anne Hathaway', 'Julie Andrews', 'Heather Matarazzo', 'Caroline Goodall', 'Hector Elizondo', 'Robert Schwartzman', 'Erik von Detten', 'Patrick John Flueger', 'Sandra Oh', 'Mandy Moore', ""Sean O'Bryan"", 'Kathleen Marshall', 'Kimleigh Smith', 'Mindy Burbano', 'Elizabeth Gudenrath', 'Bianca Lopez', 'Tamara Levinson', 'Lenore Thomas', 'Erik Bragg', 'Meredith Shevory', 'Anita Marie Curran', 'Cassie Rowell', 'Todd Lowe', 'Joe Unitas', 'Joel McCrary', 'Clare Sera', 'Greg Lewis', 'Bonnie Aarons', 'Darwood Chung', 'Julie Paris', 'Jeff Michalski', ""Erin O'Reilly"", 'Steve Restivo', 'Brigitta Lauren', 'Jane Morris', 'Gary Combs', 'Marvin Braverman', 'Allan Kent', 'Robert Glaudini', 'Bill Ferrell', 'Joe Ross', 'Charles Guardino', 'Sparrow Heatley', 'Gwenda Perez', 'Barbara Marshall', 'Sam Denoff', 'Tracy Reiner', 'Daru Kawalkowski', 'Diane Frazen', 'Stanley Frazen', 'Barbara Nabozny', 'Ira Glick', 'Sol Rosenthal', 'Hope Alexander-Willis', 'Joe Allen Price', 'Willie Brown', 'Patrick Richwood', 'Terry Brown', 'James Brown Orleans', 'Rob Zylowski', 'Karl Makinen', 'Sunny Hawks', 'Kathy Garver', 'Erika Young', 'Ethan Sandler', 'Shan Elliot', 'Trey Carter', 'Bud Markowitz', 'Mark Thompson', 'Brian Phelps', 'Lily Marshall-Fricker', 'Sandra Taylor', 'Tom Hines', 'Nicholle Tom', 'Patrick Noonan', 'Ali Gage', 'John Moran', 'Tanya DiFrancesco', 'Shannon Wilcox', 'Tonje Larsgard', 'Rueben Grundy', 'Gwen Holloway', 'Lori Sigrist', 'Terri Sigrist', 'Andy Arness', 'René Auberjonois', 'Ned Brower', 'Jodi Essex', 'Larry Miller', 'Barry Ratcliffe', 'Craig Richards', 'Terry Wayne', 'Charlotte Marshall-Fricker']",3.64,nan,"['Comedy', 'Family', 'Romance']",115,['USA'],English,['English'],"A socially awkward but very bright 15-year-old girl being raised by a single mom discovers that she is the princess of a small European country because of the recent death of her long-absent father, who, unknown to her, was the crown prince of Genovia. She must make a choice between continuing the life of a San Francisco teen or stepping up to the throne.","['Bottom of the Ninth Productions', 'Walt Disney Pictures', 'BrownHouse Productions']",1113053,110397,260166,5900,1416,4717,4385,21389,25096,98273,78299,140327,31557,127618,533077,https://letterboxd.com/film/the-princess-diaries/
Alice in Wonderland,2010,Tim Burton,"['Mia Wasikowska', 'Johnny Depp', 'Anne Hathaway', 'Helena Bonham Carter', 'Crispin Glover', 'Matt Lucas', 'Alan Rickman', 'Stephen Fry', 'Michael Sheen', 'Timothy Spall', 'Marton Csokas', 'Lindsay Duncan', 'Geraldine James', 'Tim Pigott-Smith', 'Leo Bill', 'Frances de la Tour', 'Christopher Lee', 'Paul Whitehouse', 'Barbara Windsor', 'Michael Gough', 'Imelda Staunton', 'Eleanor Tomlinson', 'Rebecca Crookshank', 'Jemma Powell', 'Eleanor Gecks', 'Holly Hawkins', 'Lucy Davenport', 'Joel Swetow', 'Jessica Oyelowo', 'Ethan Cohn', 'Richard Alonzo', 'Harry Taylor', 'Chris Grabher', 'Simone Sault', 'Caroline Royce', 'Bonnie Parker', 'Cortney Palm', 'Amy Bailey']",3.07,nan,"['Family', 'Fantasy', 'Adventure']",108,['USA'],English,['English'],"Alice, an unpretentious and individual 19-year-old, is betrothed to a dunce of an English nobleman. At her engagement party, she escapes the crowd to consider whether to go through with the marriage and falls down a hole in the garden after spotting an unusual rabbit. Arriving in a strange and surreal place called 'Underland,' she finds herself in a world that resembles the nightmares she had as a child, filled with talking animals, villainous queens and knights, and frumious bandersnatches. Alice realizes that she is there for a reason – to conquer the horrific Jabberwocky and restore the rightful queen to her throne.","['Walt Disney Pictures', 'Roth Films', 'Team Todd', 'Tim Burton Productions', 'The Zanuck Company']",1338469,80845,198375,6400,9472,23962,19956,65837,59639,143696,82109,105388,22395,77781,610235,https://letterboxd.com/film/alice-in-wonderland-2010/
The Idea of You,2024,Michael Showalter,"['Anne Hathaway', 'Nicholas Galitzine', 'Ella Rubin', 'Annie Mumolo', 'Reid Scott', 'Perry Mattfeld', 'Jordan Aaron Hall', 'Mathilda Gianopoulos', 'Meg Millidge', 'Cheech Manohar', 'Raymond Cham Jr.', 'Jaiden Anthony', 'Viktor White', 'Dakota Adan', 'Roxy Rivera', 'Graham Norton', 'Grace Junot', 'Jon Levine', 'Demi Castro', 'Trevor David', 'Brent Bailey', 'Chandler Lovelle', 'Nina Bloomgarden', 'Hedy Nasser', 'Luke Pierre Roness', 'Melanie Kiran', 'Rashal James', 'Angela Davis', 'Lauren Revard', 'Tiffany Morgan', 'Dustin Lewis', 'Tanya Lim', 'Bethany Brown', 'Trinity Ansah', 'Holly Morris', 'Jean-Luc McMurtry', 'Darryl Fields Jr.', 'Adele']",2.56,nan,"['Drama', 'Romance', 'Comedy']",116,['USA'],English,['English'],"40-year-old single mom Solène begins an unexpected romance with 24-year-old Hayes Campbell, the lead singer of August Moon, the hottest boy band on the planet.","['Welle Entertainment', 'Somewhere Pictures', 'I’ll Have Another', 'Amazon MGM Studios']",436756,42868,71884,227,9549,20695,20718,60196,58646,97759,46398,38191,6336,17425,375913,https://letterboxd.com/film/the-idea-of-you-2024/
Les Misérables,2012,Tom Hooper,"['Hugh Jackman', 'Russell Crowe', 'Anne Hathaway', 'Amanda Seyfried', 'Sacha Baron Cohen', 'Helena Bonham Carter', 'Eddie Redmayne', 'Aaron Tveit', 'Samantha Barks', 'Daniel Huttlestone', 'Fra Fee', 'Hugh Skinner', 'Alistair Brammer', 'Killian Donnelly', 'Adam Pearce', 'Ian Pirie', 'Tim Downie', 'Bertie Carvel', 'Colm Wilkinson', 'Michael Jibson', 'Isabelle Allen', 'Natalya Wallace', 'Tony Rohr', 'Richard Dixon', 'Andy Beckwith', 'Stephen Bent', 'Heather Chasen', 'Georgie Glen', 'Andrew Havill', 'Stephen Tate', 'Nicola Sloane', 'Daniel Evans', 'Adrian Scarborough', 'David Cann', 'Dick Ward', 'Keith Dunphy', 'Ashley Artus', 'Cavin Cornwall', 'Josef Altin', 'David Hawley', 'Adam Jones', 'John Barr', 'Paul Thornley', 'Paul Howell', 'Kate Fleetwood', 'Hannah Waddingham', 'Clare Foster', 'Kirsty Hoiles', 'Jenna Boyd', 'Alice Fearn', 'Alison Tennant', 'Marilyn Cutts', 'Cathy Breeze', 'John Albasiny', 'David Stoller', 'Ross McCormack', 'Jaygann Ayeh', 'Julia Worsley', 'Frances Ruffelle', 'Lynne Wilmot', 'Charlotte Spencer', 'John Surman', 'James Simmons', 'Polly Kemp', 'Julian Bleach', 'Marc Pickering', 'Phil Snowden', 'Hadrian Delacey', 'Lottie Steer', 'Sam Parks', 'Mark Donovan', 'Lewis Kirk', 'Leighton Rafferty', 'Peter Mair', 'Jack Chissick', 'Norma Atallah', 'Dianne Pilkington', 'Robyn North', 'Patrick Godfrey', 'Mark Roper', 'Paul Leonard', 'Miles Roughley', 'Cameron Strefford', 'Alfie Davis', 'Joseph West', 'Joel Phillimore', 'Jacqueline Dankworth', 'Amelia Jefford', 'Chris Barnes', 'Richard Cordery', 'Gabriel Vick', 'George Blagden', 'Stuart Neal', 'Iwan Lewis', 'Katy Secombe', 'Michael Sarne', 'John Warnaby', 'Freya Parks', 'Hadley Fraser', 'Linzi Hateley', 'Gemma Wardle', 'Gina Beck', 'Katie Hall', 'Lisa Hull', 'Andrea Deck', 'Jessica Duncan', 'Kerry Ingram', 'Richard Bremmer', 'Leslie Csuth', 'Eleanor Bruce', 'Emma Dukes', 'Stephen Matthews', 'Peter Saracen', 'Sebastian Sykes', 'Phil Zimmerman', 'Bessie Carter', 'Helen Cotterill', 'Tricia Deighton', 'Mandy Holliday', 'Charlotte Hope', 'Jackie Marks', 'Sara Pelosi', 'Mary Roscoe', 'Amelia Scaramucci', 'Caroline Sheen', 'Rachael Archer', 'Lorna Brown', 'Antonia Clarke', 'Mary Cormack', 'Sonya Cullingford', 'Holly Dale Spencer', 'Amy Griffiths', 'Fania Grigoriou', 'Amanda Henderson', 'Alexia Khadime', 'Luisa Lazzaro', ""Gemma O'Duffy"", 'Amy Ellen Richardson', 'Olivia Rose-Aaron', 'Robyn Miranda Simpson', 'Rachel Stanley', 'Nancy Sullivan', 'Rebecca Sutherland', 'Tabitha Webb', 'Gerard Bentall', 'Tony Bignell', 'Michael Cahill', 'Richard Colson', 'Kerry Ellis', 'Simon Fisher-Becker', 'Sarah Flind', 'Kelly-Anne Gower', 'James Greene', 'Nick Holder', 'Chris Howell', 'Alison Jiear', 'Terence Keely', 'Martin Marquez', 'Sally Mates', 'Jeff Nicholson', 'Adam Searles', 'Simon Shorten', 'Juliet Alderice', 'Sean Buckley', 'Valerie Cutko', 'Spike Grimsey', 'Matt Harrop', 'Georgina Jackson', 'Perry Millward', 'Phil Philmar', 'Joyce Springer', 'Julie Stark', 'Dominic Applewhite', 'Matthew Corner', 'Andy Coxon', 'Jonathan Dudley', 'Rhidian Marc', 'Chris Milford', 'Jamie Muscato', 'Joseph Peters', 'David Roberts', 'Stevee Davies', 'Jonny Purchase', 'Matt Seadon Young', 'Jos Slovick', 'Matthew Seadon-Young', 'Samuel J. Weir', 'Sophie Huchinson', 'Ella Hunt', 'Claire Machin', 'Brenda Moore', 'Mischa Purnell', 'Annette Yeo', 'Josephine Darvill-Mills', 'Jennifer Essex', 'Vicky Evans', 'Edward Lewis French', 'Nigel Garton', 'Lynn Jezzard', 'Nicholas Keegan', 'Steve Kirkham', 'Vanessa Lee Hicks', 'Ian Parsons', 'Gemma Payne', 'Clinten Pearce', 'Claire Piquemal', 'Aaron Sillis', 'Ian Waller']",3.58,nan,"['Drama', 'History']",158,"['UK', 'USA']",English,['English'],"An adaptation of the successful stage musical based on Victor Hugo's classic novel set in 19th-century France, in which a paroled prisoner named Jean Valjean seeks redemption.","['Universal Pictures', 'Working Title Films', 'Cameron Mackintosh Ltd.', 'Relativity Media', 'Working Title Films']",610215,68317,121335,3900,2606,6575,5312,19539,19654,57640,54362,78903,26150,45239,315980,https://letterboxd.com/film/les-miserables-2012/
One Day,2011,Lone Scherfig,"['Anne Hathaway', 'Jim Sturgess', 'Tom Mison', 'Jodie Whittaker', 'Rafe Spall', 'Patricia Clarkson', 'Ken Stott', 'Romola Garai', 'Matt Berry', 'Toby Regbo', 'Matthew Beard', 'Georgia King', 'Heida Reed', 'Joséphine de la Baume', 'Amanda Fairbank-Hynes', 'Diana Kent', 'James Laurenson', 'Sébastien Dupuis', 'Lorna Gayle', 'Emilia Jones', 'Eden Mengelgrein', 'Kayla Mengelgrein', 'Clara Paget', 'Tim Key', 'Thomas Arnold', 'Gil Alma', 'David Ajala', 'Ukweli Roach', 'Phoebe Fox', 'Joanna Ampil']",3.4,nan,"['Drama', 'Romance']",107,"['UK', 'USA']",English,['English'],"A romantic comedy centered on Dexter and Emma, who first meet during their graduation in 1988 and proceed to keep in touch regularly. The film follows what they do on July 15 annually, usually doing something together.","['Color Force', 'Film4 Productions', 'Focus Features']",336705,44300,82876,4500,1150,3112,2680,10976,12829,39895,36413,49402,13294,37411,207162,https://letterboxd.com/film/one-day-2011/
Rio,2011,Carlos Saldanha,"['Jesse Eisenberg', 'Anne Hathaway', 'Leslie Mann', 'Jane Lynch', 'Will.i.am', 'George Lopez', 'Wanda Sykes', 'Jamie Foxx', 'Rodrigo Santoro', 'Jemaine Clement', 'Jake T. Austin', 'Tracy Morgan', 'Carlos Ponce', 'Karen Disher', 'Jason Fricchione', 'Sofia Scarpa Saldanha', 'Kelly Keaton', 'Gracinha Leporace', 'Phil Miler', 'Bernardo de Paula', 'Carlos Saldanha', ""Renato D'Angelo"", 'Jeffrey Garcia', 'Davi Vieira', 'Thomas F. Wilson', 'Cindy Slattery', 'Justine Warwick', 'Bebel Gilberto', 'Judah Friedlander', 'Francisco Ramos', 'Tim Nordquist', 'Miriam Wallen', 'Sérgio Mendes', 'Ester Dean', 'Priscilla Avila', 'Anzolin Borges', 'Claudia Bretas', 'Carlinhos Brown', 'Ubirajara de Castro', 'Shanti Correa', 'Wendy Cutler', 'Heber Moreira', 'Flávia de Mellow', 'Andrea De Oliveira', 'Holly Dorff', 'Matheus dos Santos', 'Lucas dos Santos', 'Andrea Ferraz', 'Marcos Daniel Ferreira', 'Hanna Frankel', 'Johnny Gidcomb', 'Jean Gilpin', 'Julia Saraiva Gomez', 'Nicholas Guest', 'Rif Hutton', 'Julia Kamanchek Lopes', 'Lorrayne Mathias', 'Mikael Mutti', 'Leo Nobre', 'Mina Olivera', 'Bianca Rossini', 'Julia Scarpa Saldanha', 'Manoela Scarpa Saldanha', 'Adriana Souza', 'Maxwell Wippich', 'Matthew Wolf']",3.28,nan,"['Adventure', 'Animation', 'Comedy', 'Family']",96,['USA'],English,"['English', 'Portuguese']","Captured by smugglers when he was just a hatchling, a macaw named Blu never learned to fly and lives a happily domesticated life in Minnesota with his human friend, Linda. Blu is thought to be the last of his kind, but when word comes that Jewel, a lone female, lives in Rio de Janeiro, Blu and Linda go to meet her. Animal smugglers kidnap Blu and Jewel, but the pair soon escape and begin a perilous adventure back to freedom -- and Linda.","['Blue Sky Studios', '20th Century Fox Animation', '20th Century Fox']",637187,37032,82343,1200,1192,4312,4937,21965,28141,77864,49562,52510,11046,33839,285368,https://letterboxd.com/film/rio-2011/
Love & Other Drugs,2010,Edward Zwick,"['Jake Gyllenhaal', 'Anne Hathaway', 'Oliver Platt', 'Hank Azaria', 'Josh Gad', 'Gabriel Macht', 'Judy Greer', 'Jill Clayburgh', 'George Segal', 'Kate Jennings Grant', 'Katheryn Winnick', 'Kimberly Scott', 'Peter Friedman', 'Nikki DeLoach', 'Natalie Gold', 'Megan Ferguson', 'Michael Benjamin Washington', ""Bingo O'Malley"", 'Dorothy Silver', 'Lucy Roucis', 'Joan Augustin', 'Michael Chernus', 'Kate Easton', 'Michael Buffer', 'Maïté Schwartz', 'Maximilian Osinski', 'Ian Harding', 'Josh Breslow', 'Ian Novick', 'Tess Soltau', 'Constance Brenneman', 'Nicole Thomas', 'Jasper Soffer', 'Kwame Rakes', 'Scott Cohen', 'Sharon Wilkins', 'Brian Hutchison', 'Dana Dancho', 'Lisa Ann Goldsmith', 'Rick Applegate', 'Ray Godshall Sr.', 'Jean Zarzour', ""Harry O'Toole"", 'Jennifer Delaeo', 'Deidre Goodwin', 'Geneva Carr', 'Vanessa Aspillaga', 'Patricia Cray', 'Kristin Spatafore', 'Larissa Emanuele', 'Loretta Higgins', 'Kimberly M. Rizzo', 'Jason Bernard', 'Nicole Perrone', 'Jo Newman', 'Christina Fandino', 'Teri Clark', 'Kevin McClatchy', 'Jaimie Alexander', ""Diedra Arthur-O'Ree"", 'Stephanie Bankosh', 'David Barckhoff', 'Robert R. Bell', 'Aaron Bernard', 'Ralph Browning', 'Alissa Collins', 'Kyle Fields', 'Joe Forgione', 'Nicole George', 'Ryan Goimarac', 'Mark Golik', 'John W. Iwanonkiw', 'Sharyn Kmieciak', 'Wayne Leya', 'David Dale McCue', 'David Morse', 'Christian Pearson', 'Chris A. Riskus', 'Nayli Russo', 'Michael K. Sieg', 'Laura Welsh', 'Morgan Wolk', ""Conan O'Brien"", 'Gwyneth E. Larsen', 'Brooke Miyasaki', 'Jackson Nunn']",3.15,nan,"['Comedy', 'Drama', 'Romance']",112,['USA'],English,['English'],"Maggie is an alluring free spirit who won't let anyone – or anything – tie her down. But she meets her match in Jamie, whose relentless and nearly infallible charm serves him well with the ladies and the cutthroat world of pharmaceutical sales. Maggie and Jamie's evolving relationship takes them both by surprise, as they find themselves under the influence of the ultimate drug: love.","['Fox 2000 Pictures', 'Regency Enterprises', 'New Regency Pictures', 'Stuber Pictures', 'Bedford Falls Productions', 'Dune Entertainment']",385793,37007,62320,919,1357,3690,4159,17415,23553,63382,45005,39502,7582,15627,221272,https://letterboxd.com/film/love-other-drugs/
The Intern,2015,Nancy Meyers,"['Robert De Niro', 'Anne Hathaway', 'Rene Russo', 'Anders Holm', 'JoJo Kushner', 'Andrew Rannells', 'Adam Devine', 'Zack Pearlman', 'Jason Orley', 'Christina Scherer', 'Nat Wolff', 'Linda Lavin', 'Celia Weston', 'Steve Vinovich', 'C.J. Wilson', 'Mary Kay Place', 'Erin Mackey', 'Christina Brucato', 'Wallis Currie-Wood', 'Molly Bernard', 'Paulina Singer', 'Annie Funke', 'Christine Evangelista', 'Julee Cerda', 'Peter Vack', 'Nikki Granatell', 'Liza Binkley', 'Eshan Bay', 'Caitlin Kinnunen', 'Tristan Griffin', 'Sydney Morton', 'Brandon Tyler Harris', 'Elena Shaddow', 'Liz Holtan', 'Claire Saunders', 'G. Keith Alexander', 'Susan Feldman', 'Mark D. Sikes', 'Drena De Niro', 'Max von Essen', 'George Merrick', 'Casey Benjamin', 'Ruby Motz', 'Emma Angstadt', 'Eliud Kauffman', 'Jenny Fellner', 'Sean Kleier', 'Elliot Villar', 'Tiffany Chen Ming-Ying', 'Nikki James', 'Mayumi Miguel', 'JoAnna Powell', 'Dan Castiglione', 'Edie Cowan', 'Ronald Duncan', 'Michael Mann', 'Leasen Beth Almquist', ""Leah O'Donnell"", 'William Ryall', 'Djassi DaCosta Johnson', 'Ashley Amber Haas', 'Michael Gorman', 'Katherine Argo', 'Matt Wall', 'Daniel A. Weiner', 'Frazer Brown', 'Doris McCarthy', 'Kerttu Veske']",3.26,nan,['Comedy'],121,['USA'],English,['English'],"70-year-old widower Ben Whittaker has discovered that retirement isn't all it's cracked up to be. Seizing an opportunity to get back in the game, he becomes a senior intern at an online fashion site, founded and run by Jules Ostin.","['Warner Bros. Pictures', 'RatPac Entertainment', 'Waverly Films']",432722,31873,74912,1100,1270,3542,3886,16297,22178,65054,51732,48993,10196,19150,242298,https://letterboxd.com/film/the-intern-2015/
The Princess Diaries 2: Royal Engagement,2004,Garry Marshall,"['Anne Hathaway', 'Julie Andrews', 'Hector Elizondo', 'John Rhys-Davies', 'Heather Matarazzo', 'Chris Pine', 'Callum Blue', 'Larry Miller', 'Raven-Symoné', 'Kathleen Marshall', 'Caroline Goodall', 'Lorraine Nicholson', 'Shannon Wilcox', 'Greg Lewis', 'Abigail Breslin', 'Paul Vogt', 'Joseph Leo Bwarie', 'Hope Alexander-Willis', 'Rowan Joseph', 'Jeffrey Scott Jensen', 'Stan Lee', 'Spencer Breslin', 'Tom Poston', 'Joel McCrary', 'Kim Thomson', 'Matthew Walker', 'Larry Robbins', 'Elizabeth Gudenrath', 'Cristi Andrews', 'Lauren Davidson', 'Tom Hines', 'Allan Kent', 'Wesley Horton', 'Clare Sera', 'Elinor Donahue', 'Barbara Marshall', 'Sam Denoff', 'Amy Edwards', 'Daru Kawalkowski', 'Steve Restivo', 'Susan Elizabeth Jackson', 'Madison Dunaway', 'Kazumi Nakamura', 'Daston Kalili', 'Joe Smith', 'Jess Rowland', 'Christopher Wynne', 'Jacki Tenerelli', 'Peggy Crosby', 'Kamilla Bjorlin', 'Dale Hikawa-Silverman', 'Jane Morris', 'Shea Curry', 'Anna A. White', 'Cassie Rowell', 'Erik Bragg', 'Scott Marshall', 'Alec Nemser', 'Claudia Katz Minnick', 'Tracy Reiner', 'Julie Paris', 'Jennifer Jewel-High Jackson', 'Mark McDaniels', 'Brian Klugman', 'Aldric A. Horton', 'Bruce Hall', 'Paul Williams', 'Herbert Malina', 'Bonnie Aarons', 'Sandra Taylor', 'David Rockwell', 'Shane Partlow', 'Greg Vojtanek', 'Keisuke Hoashi', 'Larrs Jackson', 'Kate Albrecht', 'Neal Kaz', 'David Powledge', 'Charles Guardino', 'Shanda Renee', 'Gwenda Perez', 'Rajia Baroudi', 'Diane Frazen', 'Stanley Frazen', 'Bud Markowitz', 'Meredith Patterson', 'Anna Netrebko', 'Jonny Blu', 'Brad Golden', 'Brigitta Lauren', 'Zia Domic', 'Grace Nassar', 'Joe Ross', 'Darwood Chung', 'Joe Wilson', 'Isabella Hofmann', 'Marvin Braverman', 'Blake Davidson', 'John Carlo Kensinger', 'Rosie Krieger', 'Lori Marshall', 'Scott Grossman', 'Joaquín Escamilla', 'Darrel W. Wright', 'Donna Dunmire', 'Susan Carr George', 'Karen Russell Budge', 'Lauren Bell', 'Hannah Schneider', 'Charlee Corra Disney', 'Alexandra Guthy', 'Aimee Adams Hall', 'Brady Woods', 'Claudia Vazquez', 'Nadège August', 'Maui Vang', 'Lily Marshall-Fricker', 'Charlotte Marshall-Fricker', 'Joe Allen Price', 'Kate McCauley Hathaway', 'Tanya Callau', 'Sparrow Heatley', 'Ali Gage', 'Marty Nadler', 'Jeff Michalski', 'Judith Baldwin', 'Anina Lincoln', 'Sarina Ranftl', 'Patrick Price', 'Regina Spencer Sipple', 'Luana Jackman', 'Clydene Jackson', 'Karen Harper', 'Bobbi Page', 'Teri Eiko Koide', 'John West', 'Rick Logan', 'Kevin Dorsey', 'Dwayne Condon', 'Gerald White', 'Oren Waters', 'Sam Marshall', 'Sol Rosenthal', 'Harvey Keenan', 'Joe Straus', 'Leon Dewayne Cozy', 'Fat Louie', 'Maurice', 'Victoria Chalaya', 'Peter Allen Vogt', 'Bernardo Hiller']",3.4,nan,"['Romance', 'Drama', 'Comedy', 'Family']",113,['USA'],English,['English'],"Mia Thermopolis is now a college graduate and on her way to Genovia to take up her duties as princess. Her best friend Lilly also joins her for the summer. Mia continues her 'princess lessons'- riding horses side-saddle, archery, and other royal. But her complicated life is turned upside down once again when she not only learns that she is to take the crown as queen earlier than expected...","['BrownHouse Productions', 'Walt Disney Pictures']",489471,51951,87173,1800,1169,3779,3853,15031,15640,46166,28941,44999,11291,42617,213486,https://letterboxd.com/film/the-princess-diaries-2-royal-engagement/
Ella Enchanted,2004,Tommy O'Haver,"['Anne Hathaway', 'Hugh Dancy', 'Cary Elwes', 'Vivica A. Fox', 'Joanna Lumley', 'Jimi Mistry', 'Steve Coogan', 'Aidan McArdle', 'Heidi Klum', 'Jim Carter', 'Jennifer Higham', 'Parminder Nagra', 'Lucy Punch', 'Minnie Driver', 'Patrick Bergin', 'Eric Idle', 'Alvaro Lucchesi', 'Donna Dent', 'Paraic Breathnach', 'Daniel Naprous', 'Merrina Millsapp', 'Pat Kinevane', 'Ron Yuan', 'Johnny Nguyen']",3.36,nan,"['Comedy', 'Fantasy', 'Family']",96,"['Ireland', 'UK', 'USA']",English,['English'],"Ella lives in a magical world in which each child, at the moment of their birth, is given a virtuous ""gift"" from a fairy godmother. Ella's so-called gift, however, is obedience. This birthright proves itself to be quite the curse once Ella finds herself in the hands of several unscrupulous characters whom she quite literally cannot disobey. Determined to gain control of her life and decisions, Ella sets off on a journey to find her fairy godmother who she hopes will lift the curse. The path, however, isn't easy -- Ella must outwit a slew of unpleasant obstacles including ogres, giants, wicked stepsisters, elves and Prince Charmont's evil uncle, who wants to take over the crown and rule the kingdom.","['World 2000 Entertainment', 'Enchanted Productions']",349482,42084,65074,1100,955,2839,2754,11573,11978,35837,22333,32009,6906,26194,153378,https://letterboxd.com/film/ella-enchanted/
Bride Wars,2009,Gary Winick,"['Kate Hudson', 'Anne Hathaway', 'Bryan Greenberg', 'Chris Pratt', 'Steve Howey', 'Candice Bergen', 'Kristen Johnston', 'Michael Arden', 'Victor Slezak', 'Kelly Coffield Park', 'John Pankow', ""Zoe O'Grady"", 'Shannon Ferber', 'June Diane Raphael', 'Charles Bernard', 'Emily Sarah Stikeman', 'Robert Capron', 'Kallie Tabor', 'Bruce Altman', 'Hettienne Park', 'Lauren Bittner', 'Rena Maliszewski', 'Casey Wilson', 'Sarah Kate Jackson', 'Jason Kolotouros', 'Paul Scheer', 'André Holland', 'Anna Madigan', 'Daniel Raymont', 'Jon Daly', 'Michael Anastasia', 'Nicole Stuart', 'Robert Scott Wilson', 'Pamela Figueiredo', 'Sam Pannier', 'John Franchi', 'William Brent', 'Jeremy Brothers', 'Colin Ford']",2.87,nan,"['Romance', 'Comedy']",89,['USA'],English,['English'],Two best friends become rivals when their respective weddings are accidentally booked for the same day.,"['Fox 2000 Pictures', 'Regency Enterprises', 'New Regency Pictures', 'Birdie Productions', 'Dune Entertainment', 'Dune Entertainment III']",332081,34436,45894,460,2284,6105,5905,20005,20176,45298,21702,25864,4199,14758,166296,https://letterboxd.com/film/bride-wars/
Eileen,2023,William Oldroyd,"['Thomasin McKenzie', 'Anne Hathaway', 'Shea Whigham', 'Sam Nivola', 'Marin Ireland', 'Siobhan Fallon Hogan', 'Tonye Patano', 'William Hill', 'Owen Teague', 'Peter McRobbie', 'Peter Von Berg', 'Patrick Noonan', 'Jefferson White', 'Alexander Jameson', 'Patrick Ryan Wood', 'Gavin K. Barfield', 'Spencer Barnes', 'Mason Pettograsso', 'Mark Havlis', 'Willie C. Carpenter', 'Brendan Burke', 'Julian Gavilanes', 'Joel Marsh Garland', 'Louis Vanaria', 'Lawrence Arancio', 'Lauren Yaffe', 'Matt Berman', 'Ben Kennedy', 'Myra Thibault']",3.16,nan,"['Drama', 'Thriller', 'Crime']",98,"['UK', 'USA']",English,['English'],"In 1960s Massachusetts, an unhappy prison secretary is beguiled by a new co-worker who pulls her into complicity in a crime that surpasses her wildest imaginings.","['Likely Story', 'Film4 Productions', 'Omniscient Films', 'Fifth Season']",94623,30024,20419,184,347,910,1358,6095,9307,22268,19053,14537,3138,2702,79715,https://letterboxd.com/film/eileen-2023/
Dark Waters,2019,Todd Haynes,"['Mark Ruffalo', 'Anne Hathaway', 'Tim Robbins', 'Bill Pullman', 'Bill Camp', 'Victor Garber', 'Mare Winningham', 'William Jackson Harper', 'Louisa Krause', 'Kevin Crowley', 'Bruce Cromer', 'Denise Dal Vera', 'Richard Hagerman', 'Abi Van Andel', 'John Newberg', 'Barry Mulholland', 'Jeffrey Grover', 'Jim Azelvandre', 'Graham Caldwell', ""William 'Bucky' Bailey"", 'Marcia Dangerfield', 'Brian Gallagher', 'Michael Haney', 'Barry G. Bernson', 'Michael King', 'Greg Violand', 'Michael Joseph Thomas Ward', 'John Moll', 'Clara Harris', 'Bella Falcone', 'Scarlett Hicks', 'Amy Morse', 'Aidan Brogan', 'Nathan Slaughter', 'Beau Hartwig', 'Jacob Bukowski', 'Keating P. Sharp', 'Mikel Furlow', 'Amy Warner', 'Linnea Bond', 'David Myers Gregory', 'Shyra Thomas', 'Ian Short', 'Kyndra Jefferies', 'Courtney DeCosky', 'Ken Early', 'Kelly Mengelkoch', 'Annie Fitzpatrick', 'Buz Davis', 'Ronald Jenkins', 'Wynn Reichert', 'Mike Seely', 'Teri Clark', 'Brian Robertson', 'Chaney Morrow', 'Jon Osbeck', 'Clyde Tyrone Harper', 'Lisa DeRoberts', 'Sara Mackie', 'Nathan Neorr', 'Barbara Ann Crumm', 'Sheryl Annette Colley', 'Logan Laskarzewski', 'Phil Fiorini', 'Manuel Venegas Zepeda', 'Jennie Malone', 'Jason M. Griggs', 'George Zamary', 'Kurt Roberson', 'Todd Minobe', 'Jim Laprelle', 'Sydney Miles', 'Catch Farley', 'Trent Rowland', 'Geoff Falk', 'Glen Yrigoyen', 'Elizabeth Marvel', 'Ming Wang', 'Caleb Dwayne Tucker', 'Lea Hutton Beasmore', 'Anita Farmer Bergman', 'Lyman Chen', 'Tyler Craig', 'David Fultz', 'Robert Gerding', 'John W. Harden', 'Al Harland', 'Dennis Craig Hensley', 'Daniel R. Hill', 'Marc Hockl', 'Sue Hopkins', 'Matt Hudson', 'Conner P. Kelley', 'Angel Kerns', 'Bret Aaron Knower', 'Rodger Masten', 'David Pittinger', 'Joanne Popolin', 'Ramona Schwalbach', 'Carly Tamborski', 'Jenny McManus', 'Derek Polen', 'John E. Brownlee']",3.76,nan,"['Thriller', 'Drama']",127,['USA'],English,['English'],"A tenacious attorney uncovers a dark secret that connects a growing number of unexplained deaths due to one of the world's largest corporations. In the process, he risks everything — his future, his family, and his own life — to expose the truth.","['Participant', 'Willi Hill', 'Killer Films', 'DreamWorks Pictures', 'Amblin Partners', 'Focus Features', 'Mandate International']",144732,27563,32956,159,79,231,317,1741,3444,16329,30646,41968,10181,5894,110830,https://letterboxd.com/film/dark-waters-2019/
Alice Through the Looking Glass,2016,James Bobin,"['Mia Wasikowska', 'Johnny Depp', 'Anne Hathaway', 'Helena Bonham Carter', 'Alan Rickman', 'Michael Sheen', 'Sacha Baron Cohen', 'Andrew Scott', 'Rhys Ifans', 'Timothy Spall', 'Ed Speleers', 'Stephen Fry', 'Lindsay Duncan', 'Matt Lucas', 'Tom Godwin', 'Richard Armitage', 'Amelia Crouch', 'Leilah de Meza', 'Geraldine James', 'Leo Bill', 'Barbara Windsor', 'Meera Syal', 'Hattie Morahan', 'Simone Kirby', 'Siobhan Redmond', 'Paul Whitehouse', 'Matt Vogel', 'Paul Hunter', 'Wally Wingert', 'Louis Ashbourne Serkis', 'Joanna Bobin', 'Joe Hurst', 'Oliver Hawkes', 'Frederick Warder', 'Eve Hedderwick Turner', 'Daniel Hoffmann-Gill', 'Jamie Baughan', 'Matt Wilman', 'Siobhán McSweeney', 'Owain Rhys Davies', 'Edward Petherbridge', 'Richard Syms', 'Neil Edmond', 'Carol Been', 'Ross Carpenter', 'Melissa Collier', 'Heather Craig', 'Janine Craig', 'Leigh Daniels', 'Jules Davison', 'Matt Dempsey', 'Nikki Dunsford', 'Stephanie Elstob', 'Steve Fortune', 'Jane Fowler', 'Adam Galbraith', 'Chris Grierson', 'Dale Mercer', 'William Mowat', 'Cris Penfold', 'Kraig Thornber', 'Carl Walker', 'Claire Winsper', 'Isaac Andrews', 'Alexander Bracq', 'Adam Burton', 'Frances de la Tour', 'Ross Green', 'Kyle Hebert', 'Matt Hookings', 'Bomber Hurley-Smith', 'Martyn Mayger', 'Steve Saunders', 'Mike Simmrin', 'Johanna Smitz', 'Bill Thomas']",2.69,nan,"['Fantasy', 'Family', 'Adventure']",113,"['UK', 'USA']",English,['English'],"In the sequel to Tim Burton's ""Alice in Wonderland"", Alice Kingsleigh returns to Underland and faces a new adventure in saving the Mad Hatter.","['Legend3D', 'Walt Disney Pictures', 'Roth Films', 'Team Todd', 'Tim Burton Productions']",302050,24756,33218,467,3100,8320,8340,23238,20420,35542,16188,18187,3801,11695,148831,https://letterboxd.com/film/alice-through-the-looking-glass-2016/
Don Jon,2013,Joseph Gordon-Levitt,"['Joseph Gordon-Levitt', 'Scarlett Johansson', 'Julianne Moore', 'Tony Danza', 'Glenne Headly', 'Brie Larson', 'Lindsey Broad', 'Rob Brown', 'Jeremy Luke', 'Paul Ben-Victor', 'Italia Ricci', 'Amanda Perez', 'Sarah Dumont', 'Sloane Avery', 'Loanne Bishop', 'Arin Babaian', 'Arielle Reitsma', 'Rizwan Manji', 'Eva Mah', 'Nina Agdal', 'Jason Burnham', 'Johnny Ferrara', 'Tiffany Pulvino', 'Olia Voronkova', 'Sonni Brown', 'Antoinette Kalaj', 'Arayna Eison', ""Becky O'Donohue"", 'Elena Kim', 'Tanya Mityushina', 'Craig Marks', 'Anne Hathaway', 'Channing Tatum', 'Meagan Good', 'Cuba Gooding Jr.', 'Alexis Texas', 'Sunny Lane', 'Devon', 'Cheyne Collins', 'Kayden Kross', 'Jenny Hendrix', 'Damien Michaels', 'Tori Black', 'Manuel Ferrara', 'Mia Malkova', 'Jynx Maze', 'Dani Daniels', 'Isis Taylor', 'Bree Olson', 'Aletta Ocean', 'Stoya', 'Mark Ashley', 'Misty Stone', 'Borislav Iliev', 'Louise Cliffe', 'Nina Varano']",2.87,nan,"['Comedy', 'Romance', 'Drama']",90,['USA'],English,['English'],"A New Jersey guy dedicated to his family, friends, and church, develops unrealistic expectations from watching porn and works to find happiness and intimacy with his potential true love.","['Ram Bergman Productions', 'HitRecord Films', 'Voltage Pictures']",234619,18616,25402,84,2357,5319,5050,17380,19368,38673,23633,13918,2240,2260,130198,https://letterboxd.com/film/don-jon/
Valentine's Day,2010,Garry Marshall,"['Julia Roberts', 'Bradley Cooper', 'Anne Hathaway', 'Patrick Dempsey', 'Eric Dane', 'Jessica Biel', 'Emma Roberts', 'Taylor Swift', 'Jessica Alba', 'Jennifer Garner', 'Jamie Foxx', 'Hector Elizondo', 'Shirley MacLaine', 'Topher Grace', 'Ashton Kutcher', 'Carter Jenkins', 'Kathy Bates', 'Queen Latifah', 'Taylor Lautner', 'George Lopez', 'Katherine LaNasa', 'Alexis Kendra', 'Aramis Knight', 'Larry Miller', 'Bryce Robinson', 'Matthew Walker', 'Beth Kennedy', 'Kristen Schaal', 'Erin Matthews', 'Christine Lakin', 'Lauren Reeder', 'Julia Springer', 'Kathleen Marshall', 'Anna Kulinova', 'Cassie Rowell', 'Faline England', 'James F. McCann', 'Shea Curry', 'Wedil David', 'Natalie Machado', 'Jennifer Leigh Warren', 'Megan Suri', 'Brooklynn Proulx', 'Karolinah Villarreal', 'Joey Sorge', 'Alec Nemser', 'Rick Batalla', 'Scott Crumly', 'Jonathan Morgan Heit', 'Angelo Salvatore Restaino', 'Scott Marshall', 'Kelly Flynn', 'Sam Marshall', 'Mandy Medlin', 'Larrs Jackson', 'Cleo King', 'Corena Chase', 'Justin Michael Duval', 'Heidi Brucker', 'Lily Marshall-Fricker', 'Kamilla Bjorlin', 'Anna A. White', 'Stefanie Sherk', 'Marty Nadler', 'Scott Sener', 'Colin Owens', 'Calvin Jung', 'Serena Poon', 'Kazumi Nakamura', 'Gwenda Perez', 'Kiko Kiko', 'Joseph Leo Bwarie', 'Robert Belushi', 'Jaclyn Miller', 'Joe Smith', 'Katie Joy Horwitch', 'Lisa Roberts Gillan', 'Barbara Marshall', 'Stephanie Fabian', 'Sandra Taylor', 'Sarah Lilly', 'Tony Scruggs', 'Roberta Valderrama', 'Cyrus Alexander', 'Paul Vogt', 'Bonnie Aarons', 'Adreana Gonzalez', 'Matt Merchant', 'Lisa Valenzuela', 'Howard Storm', 'Jennifer Amy', 'Rance Howard', 'Travina Springer', 'Tracy Reiner', 'Hannah Storm', 'Mike Greenberg', 'Mike Golic', 'Paul Williams', 'Susie Abraham', 'Guilford Adams', 'Emily Arlook', 'Lauren C. Brooks', 'Jennifer De Minco', 'Norman Deesing', 'Vivi Devereaux', 'Barbra Dunn', 'Jerald Garner', 'Roger Groh', 'Aimee Adams Hall', 'Cary Huff', 'Rowan Joseph', 'Kathryn Le', 'Hans Marrero', 'Garry Marshall', 'Joe Mantegna', 'Kristin Mellian', 'Angie Patterson', 'Gladys Khan', 'Mobin Khan', 'Taylor McCluskey', 'Ash McNair', 'Aaron Pushkar', 'Johnny Sale', 'Derek Theler', 'Emily Moss Wilson', 'Greg Wilson', 'Joel Zaldivar', 'Peter Allen Vogt', 'Agnes-Nicole Winter']",2.62,nan,"['Comedy', 'Romance']",125,['USA'],English,['English'],"More than a dozen Angelenos navigate Valentine's Day from early morning until midnight. Three couples awake together, but each relationship will sputter. A grade-school boy wants flowers for his first true love. Two high school seniors plan first-time sex at noon. A TV sports reporter gets the assignment to find romance in LA. A star quarterback contemplates his future. Two strangers meet on a plane. Grandparents, together for years, face a crisis. An 'I Hate Valentine's Day' dinner beckons the lonely and the lied to.","['Karz Entertainment', 'New Line Cinema', 'Rice Films', 'Warner Bros. Pictures']",257740,25669,27094,198,3139,8238,7094,19912,16201,29310,12293,13646,2256,7132,119221,https://letterboxd.com/film/valentines-day/
Get Smart,2008,Peter Segal,"['Steve Carell', 'Anne Hathaway', 'Dwayne Johnson', 'Alan Arkin', 'Terence Stamp', 'James Caan', 'Bill Murray', 'Patrick Warburton', 'Terry Crews', 'David Koechner', 'Masi Oka', 'Nate Torrence', 'Ken Davitian', 'David S. Lee', 'Dalip Singh', 'Geoff Pierson', 'Kelly Karbacz', 'Arthur Darbinyan', 'Bill Romanowski', 'Mark Ivanir', 'Lindsay Hollister', 'Dimitri Diatchenko', 'Richard V. Licata', 'Greg Joung Paik', 'Joey Yu', 'Mike Akrawi', 'John Abiskaron', 'Kerry Lai Fatt', 'David A. Parker', 'Bonnie Hellman', 'John Farley', 'Jonathan Loughran', 'Felisha Terrell', 'Jeff Tanner', 'Jasper Pendergrass', 'Carl Crevier', 'David Schaap', 'Peter Weireter', 'Thomas Garner', 'Danielle Bisutti', 'Jessica Barth', 'David Fabrizio', 'John Eddins', 'Alex Kudrytsky', 'Tatyana Kaboulova', 'Moshana Halbert', 'Sergei Priselkov', 'Jane Gilchrist', 'Todd Sherry', 'David Aranovich', 'Ivy Bethune', 'Larry Miller', 'Kevin Nealon', 'Blake Clark', 'Cedric Yarbrough', 'James Moses Black', 'Bernie Kopell', 'Michael P. Catanzarite', 'Tim DeKay', 'Jerry Sherman', 'Matthew Glave', 'Brad Grunberg', 'Leonard B. Stern', 'Sean Segal', 'Stephen Dunham', 'Jennifer De Minco', 'Karri Turner', 'Ryan Seacrest', 'William Charlton', 'Nadia David', 'Aurelius DiBarsanti', 'Fred Fein', 'Mo Gallini', 'Sam Hale', 'Butch Klein', 'Sophia Lansky', 'Joshua Leary', 'Phoebe Price', 'Nicholas Rich', 'Shant Sarkissian', 'Julian Scott Urena', 'Gunter Ziegler', 'Vinicius Zorin-Machado']",2.87,nan,"['Comedy', 'Action', 'Thriller']",110,['USA'],English,"['English', 'Russian']","When the identities of secret agents from Control are compromised, the Chief promotes hapless but eager analyst Maxwell Smart and teams him with stylish, capable Agent 99, the only spy whose cover remains intact. Can they work together to thwart the evil plans of KAOS and its crafty operative?","['Mosaic Media Group', 'Mad Chance', 'Callahan Filmworks', 'Warner Bros. Pictures', 'Village Roadshow Pictures']",298186,17548,30818,145,1215,4405,5502,20147,23480,43338,21046,13300,2082,3554,138069,https://letterboxd.com/film/get-smart/
Hoodwinked!,2005,"Cory Edwards, Todd Edwards","['Anne Hathaway', 'Glenn Close', 'Jim Belushi', 'Patrick Warburton', 'Anthony Anderson', 'David Ogden Stiers', 'Xzibit', 'Chazz Palminteri', 'Andy Dick', 'Cory Edwards', 'Benjy Gaither', 'Ken Marino', 'Tom Kenny', 'Preston Stutzman', 'Tony Leech', 'Joshua J. Greene', 'Mark Primiano', 'Kevin Michael Richardson', 'Tara Strong', 'Tye Edwards', 'Todd Edwards', 'Kathryn J. Lovegren', 'Charles Coplin', 'Troy Norton', 'Kelly Stables', 'Eli Montgomery', 'Vicki Edwards']",3.23,nan,"['Family', 'Animation', 'Crime', 'Comedy']",82,['USA'],English,['English'],"Little Red Riding Hood: A classic story, but there's more to every tale than meets the eye. Before you judge a book by its cover, you've got to flip through the pages. In the re-telling of this classic fable, the story begins at the end of the tale and winds its way back. Chief Grizzly and Detective Bill Stork investigate a domestic disturbance at Granny's cottage, involving a karate-kicking Red Riding Hood, a sarcastic wolf and an oafish Woodsman.","['Kanbar Entertainment', 'The Weinstein Company']",244526,21299,40466,1100,1795,3961,3617,10397,10847,25832,18180,17966,4246,16345,113186,https://letterboxd.com/film/hoodwinked/
Colossal,2016,Nacho Vigalondo,"['Anne Hathaway', 'Jason Sudeikis', 'Austin Stowell', 'Tim Blake Nelson', 'Dan Stevens', 'Hannah Cheramy', 'Nathan Ellison', 'Sarah Surh', 'Haeun Hannah Cho', 'Joe Costa', 'Melissa M. Montgomery', 'Christine Lee', 'Rukiya Bernard', 'James Yi', 'Alyssa Dawson', 'Miho Suzuki', 'Charles Singh', 'Jenny Mitchell', 'Mad Harper', 'Everett Adams', 'Agam Darshi', 'Hettie Lynne Hurtes', 'Alex Cohen', 'Steve Julian', 'Andrew Suttar']",3.18,nan,"['Drama', 'Fantasy', 'Science Fiction']",109,"['Canada', 'South Korea', 'Spain', 'USA']",English,"['English', 'Korean']",A woman discovers that severe catastrophic events are somehow connected to the mental breakdown from which she's suffering.,"['Toy Fight Productions', 'Brightlight Pictures', 'Sayaka Producciones', 'Route One Entertainment', 'Voltage Pictures', 'Union Investment Partners', 'Legion M']",123947,22282,22791,81,763,1750,2011,6743,8975,21867,20304,15438,3086,2147,83084,https://letterboxd.com/film/colossal-2016/
Rio 2,2014,Carlos Saldanha,"['Jesse Eisenberg', 'Anne Hathaway', 'Will.i.am', 'Jamie Foxx', 'Leslie Mann', 'George Lopez', 'Andy García', 'Bruno Mars', 'Bernardo de Paula', 'Rodrigo Santoro', 'Jemaine Clement', 'Jake T. Austin', 'Amandla Stenberg', 'Pierce Gagnon', 'Rita Moreno', 'Kristin Chenoweth', 'Tracy Morgan', 'Rachel Crow', 'Bebel Gilberto', 'Jason Harris', 'Janelle Monáe', 'Amy Heidemann', 'Carlinhos Brown', 'Jim Conroy', 'Nola Donkin', 'Miguel Ferrer', 'Jeffrey Garcia', 'Kevin W. Keane', 'Philip Lawrence', 'Gracinha Leporace', 'Sérgio Mendes', 'Kate Micucci', 'Pablo Ramírez', 'Marco Antonio Regil', 'Peter Pamela Rose', 'Carlos Saldanha', 'Julia Scarpa Saldanha', 'Manoela Scarpa Saldanha', 'Rafael Scarpa Saldanha', 'Sofia Scarpa Saldanha', 'Cindy Slattery', 'Randy Thom', 'Claira Nicole Titman', 'Miriam Wallen', 'Claudine Barros', 'Mauro Blanco', 'Jeremy Bowker', 'Dennis T. Carnegie', 'Shanti Correa', 'Alberto Costa', 'David Cowgill', 'Holly Dorff', 'Harry Hitner', 'Rif Hutton', 'Vanessa Lemonides', 'Hope Levy', 'Henry Leyva', 'Anselmo Martini', 'Renata Becker', 'Ron McClary', 'Brian Scott McFadden', 'Phil Miler', 'Edie Mirman', 'Heber Moreira', 'Leo Nobre', 'Mina Olivera', 'Jackeline Olivier', 'Kleber Jorge Pimenta', 'Byron Thames', 'Annie Maginnis Tippe', 'Natalie Morales']",2.71,nan,"['Adventure', 'Comedy', 'Animation', 'Family']",101,['USA'],English,"['English', 'Portuguese']","It's a jungle out there for Blu, Jewel and their three kids after they're hurtled from Rio de Janeiro to the wilds of the Amazon. As Blu tries to fit in, he goes beak-to-beak with the vengeful Nigel, and meets the most fearsome adversary of all: his father-in-law.","['Blue Sky Studios', '20th Century Fox Animation', '20th Century Fox']",237840,16232,20141,94,1379,4328,5511,17833,18321,29477,11459,11356,1988,6934,108586,https://letterboxd.com/film/rio-2/
The Hustle,2019,Chris Addison,"['Anne Hathaway', 'Rebel Wilson', 'Alex Sharp', 'Ingrid Oliver', 'Hannah Waddingham', 'Nicholas Woodeson', 'Timothy Simons', 'Douggie McMeekin', 'Ashley McGuire', 'Casper Christensen', 'Eloise Lovell Anderson', 'Philip Desmeules', 'Jarreau Antoine', 'Celine Abrahams', 'Raffaello Degruttola', 'Alex Gaumond', 'Guy Warren-Thomas', 'Tom Moutchi', 'John Hales', 'Alice Fofana', 'Dean Norris', 'Francisco Labbe', 'Aaron Neil', 'Martin Bishop', 'Guy Remy', 'Joe Manjón', 'Bruno Sevilla', 'Meena Rayann', 'William Brand', 'Rebekah Staton', 'Jocelyn Jee Esien', 'Christophe de Choisy', 'Emma Davies', 'Margaret Cabourn-Smith', 'Anwar Lynch', 'Rob Delaney', 'Alphonso Austin', 'Deepak Anand', 'Sarah-Stephanie', 'Deano Bugatti', 'Kumud Pant', 'Jeremy Antonio Oliver', 'Sam Lilja', 'John Akanmu']",2.45,nan,"['Comedy', 'Crime']",94,['USA'],English,"['English', 'Dutch', 'Danish', 'German', 'French']","Two female scam artists, one low rent and the other high class, compete to swindle a naïve tech prodigy out of his fortune. A remake of the 1988 comedy ""Dirty Rotten Scoundrels.""","['Pin High', 'Metro-Goldwyn-Mayer', 'Cave 76 Productions', 'Camp Sugar']",160817,14429,15629,92,3092,7069,7048,17207,14362,21168,9239,8782,1453,3810,93230,https://letterboxd.com/film/the-hustle-2019/
Roald Dahl's The Witches,2020,Robert Zemeckis,"['Anne Hathaway', 'Octavia Spencer', 'Stanley Tucci', 'Jahzir Bruno', 'Chris Rock', 'Codie-Lei Eastick', 'Kristin Chenoweth', 'Charles Edwards', 'Morgana Robinson', 'Brian Bovell', 'Josette Simon', 'Eugenia Caruso', 'Ana Maria Maskell', 'Amber Flanagan', 'Eurydice El-Etr', ""Orla O'Rourke"", 'Penny Lisle', 'Dempsey Bovell', 'Jonathan Livingstone', 'Paul Leonard', 'Simon Manyonda', 'Philippe Spall', 'Abi Adeyemi', 'Anastasia Zabarchuk', 'Katie Hardwick', 'Vivienne Acheampong', 'Sobowale Antonio Bamgbose', 'Lunga Skosana', 'Miranda Sarfo Peprah', 'Joseph Zinyemba', ""Me'sha Bryan"", 'Cyril Nri', 'Jon Prophet', 'Ken Nwosu', 'Angus Wright', 'Sarah T. Cohen']",2.24,nan,"['Family', 'Comedy', 'Fantasy']",106,['USA'],English,['English'],"In late 1967, a young orphaned boy goes to live with his loving grandma in the rural Alabama town of Demopolis. As the boy and his grandmother encounter some deceptively glamorous but thoroughly diabolical witches, she wisely whisks him away to a seaside resort. Regrettably, they arrive at precisely the same time that the world's Grand High Witch has gathered.","['ImageMovers', 'Warner Bros. Pictures', 'Necropia Entertainment', 'Esperanto Filmoj']",118255,17172,8671,11,3109,7379,7804,18753,13937,16421,5365,4171,469,1350,78758,https://letterboxd.com/film/roald-dahls-the-witches/
Armageddon Time,2022,James Gray,"['Banks Repeta', 'Anne Hathaway', 'Jeremy Strong', 'Jaylin Webb', 'Anthony Hopkins', 'Ryan Sell', 'Andrew Polk', 'Tovah Feldshuh', 'Marcia Haufrecht', 'Teddy Coluca', 'Richard Bekins', 'Dane West', 'Landon James Forlenza', 'John Diehl', 'Jessica Chastain', 'Domenick Lombardozzi', 'Lizbeth MacKay', 'Jacob Mackinnon', 'Jeb Kreager', 'Marcia Jean Kurtz', 'Lauren Sharpe', 'John Dinello', 'Gerald Jones', 'Griffin Wallace Henkel', 'Jen Weissenberg', 'Amy Warren', 'Douglas Crosby', 'Eva Jette Putrello', 'Marjorie Johnson', 'Lauren Yaffe', 'Dupree Francois Porter', 'Stephanie Groves', 'Oona Girton-Marshall', 'Ian Hernandez-Oropeza', 'Aidan Christman', 'Jude Washock', 'Skyler Wenger', 'Psalm Mitchell', 'Jack Parrish', 'Stephanie Aguinaldo', 'Diamond Washington']",3.37,nan,['Drama'],114,"['Brazil', 'USA']",English,['English'],"A deeply personal story about the strength of family, the complexity of friendship, and the generational pursuit of the American Dream.","['RT Features', 'Spacemaker Productions', 'Keep Your Head Productions', 'MadRiver Pictures', 'Focus Features']",61901,23993,13057,16,185,528,706,2929,4676,12112,13062,11368,2909,1218,49693,https://letterboxd.com/film/armageddon-time/
Becoming Jane,2007,Julian Jarrold,"['Anne Hathaway', 'James McAvoy', 'Julie Walters', 'James Cromwell', 'Maggie Smith', 'Joe Anderson', 'Lucy Cohu', 'Laurence Fox', 'Ian Richardson', 'Anna Maxwell Martin', 'Leo Bill', 'Jessica Ashworth', 'Michael James Ford', 'Tom Vaughan-Lawlor', 'Chris McHallem', 'Helen McCrory', 'Michael Patric', 'Elaine Murphy', 'Tom Maguire']",3.37,nan,"['Drama', 'Romance']",120,['UK'],English,['English'],A biographical portrait of a pre-fame Jane Austen and her romance with a young Irishman.,"['Ecosse Films', '2 Entertain']",70852,12266,12492,237,123,335,384,1908,2801,9763,7668,7590,1655,3758,35985,https://letterboxd.com/film/becoming-jane/
Rachel Getting Married,2008,Jonathan Demme,"['Anne Hathaway', 'Rosemarie DeWitt', 'Bill Irwin', 'Debra Winger', 'Tunde Adebimpe', 'Mather Zickel', 'Anna Deavere Smith', 'Anisa George', 'Robyn Hitchcock', ""'Sister' Carol East"", 'Beau Sia', 'Carol Jean Lewis', 'Fab 5 Freddy', 'Andre B. Blake', 'Roger Corman', 'Tamyra Gray', 'Victoria Haynes', 'Kyrah Julian', 'Roslyn Ruff', 'Sebastian Stan', 'Annaleigh Ashford', 'Zafer Tawil', 'Innbo Shim', 'Eliza Simpson', 'Quincy Tyler Bernstine', 'Mel Jones', 'Darrell Larson', 'Michelle Federer', 'Matt Stadelmann', 'Molly Hickok', 'Big Jim Wheeler', 'Josh Broder', 'Stephen Richardson', 'Bruce Bennetts', 'Paul Sparks', 'Caroline Goodman-Thomases', 'Daniel Wolff', 'Jill Dalton', 'Joe Alessi', 'Jordan Cael', 'Tiffany Little Canfield', 'Barry Eastmond Jr.', 'Brooklyn Demme', 'John Anthony', 'Herreast Harrison', 'Gonzales Joseph', 'Donald Harrison Jr.', 'Jim Roche', 'Jimmy Joe Roche', 'Robert W. Castle', 'Paul Lazar', 'Amir El Saffar', 'Dorian Missick', 'Tareq Abboushi', 'Tavish Graham', 'Dimitrios Mikelis', 'Gaida Hinnawi', 'Alix Derrick', 'Matt Rabinowitz', 'Stephanie McBride', 'Richard Maxwell', 'Jerome Le Page', 'DeQuina Moore', 'Joe Toutebon', 'Edie Hofstatter', 'Jaime Garcia', ""Julio 'Goya' Pagan"", 'Van Hughes', 'Robert Merrill', 'Brian Nelson', 'David Neumann', 'Edisa Weeks', 'Heather Christian', 'Jennie Liu', 'Johnny Farraj', 'Joshua Elrod', 'Maria Dizzia', 'Marie Runyon', 'Ray Ultarte', 'Tymberly Canale', 'Anita Sarko', 'Joey Perillo', 'Christy Pusz', 'Jos Demme', 'Daphne Rubin-Vega', 'Marin Ireland', 'Joyce George', 'Stephany Boa', 'Derrick Williams', 'Elizabeth Hayes', 'Cyro Baptista', 'Jose Mauricio De Faria', 'Michelle Clay', 'Lisette Santiago De Faria', 'Silvana Marquina', 'Marcus Santos', 'Atlanta Foresyth', ""Eldio 'Cabello' Rolim"", 'Tonia-Cara Forsters', 'Kate Rossi', 'Susan Helen van der Griend', 'Juliet Teakle', 'Olive Hui']",3.6,nan,"['Romance', 'Drama']",113,['USA'],English,['English'],A young woman who has been in and out from rehab for the past 10 years returns home for the weekend for her sister's wedding.,"['Clinica Estetico', 'Marc Platt Productions']",59576,15240,11114,219,173,495,397,1702,2016,6559,7367,9429,3453,2689,34280,https://letterboxd.com/film/rachel-getting-married/
Serenity,2019,Steven Knight,"['Matthew McConaughey', 'Anne Hathaway', 'Jason Clarke', 'Diane Lane', 'Djimon Hounsou', 'Jeremy Strong', 'Charlotte Butler', 'David Butler', 'Rafael Sayegh', 'Michael Richard', 'Robert Hobbs', 'Kenneth Fok', 'Garion Dowds', 'John Whiteley', 'Edeen Bhugeloo', 'Redd Pepper', 'Gunnar Sizemore']",2.1,nan,"['Drama', 'Thriller', 'Mystery']",102,"['UK', 'USA']",English,"['English', 'French']","The quiet life of Baker Dill, a fishing boat captain who lives on the isolated Plymouth Island, where he spends his days obsessed with capturing an elusive tuna while fighting his personal demons, is interrupted when someone from his past comes to him searching for help.","['Nebulastar', 'Shoebox Films']",53081,11806,5003,20,2972,6839,5317,7995,4909,5551,2215,1709,291,639,38437,https://letterboxd.com/film/serenity-2019/
Mothers' Instinct,2024,Benoît Delhomme,"['Anne Hathaway', 'Jessica Chastain', 'Anders Danielsen Lie', 'Josh Charles', 'Caroline Lagerfelt', 'Alexander Blaise', 'Steve Routman', 'Joel Nagle', 'Larry Petersen']",3.11,nan,"['Thriller', 'Drama']",94,"['Belgium', 'UK', 'USA']",English,['English'],"Housewives Alice and Celine are best friends and neighbors who seem to have it all. However, when a tragic accident shatters the harmony of their lives, guilt, suspicion and paranoia begin to unravel their sisterly bond.","['Freckle Films', 'Anton', 'Mosaic', 'Versus Production']",25327,7413,4594,24,97,277,426,1732,2699,6479,4955,3894,826,1099,22484,https://letterboxd.com/film/mothers-instinct-2024/
She Came to Me,2023,Rebecca Miller,"['Peter Dinklage', 'Anne Hathaway', 'Marisa Tomei', 'Evan Ellison', 'Harlow Jane', 'Joanna Kulig', ""Brian d'Arcy James"", 'Judy Gold', 'Anthony Roth Costanzo', 'Samuel H. Levine', 'Sue Jean Kim', 'Gregg Edelman', 'Aalok Mehta', 'Chris Gethard', 'Dale Soules', 'Tommy Buck', 'George Sheanshang', 'Francesca Faridany', 'Bryan Terrell Clark', 'Tamya Taylor', 'Jen Ponton', 'Greer Grimsley']",2.91,nan,"['Romance', 'Comedy', 'Drama']",102,"['UK', 'USA']",English,"['English', 'Polish']","Composer Steven Lauddem is plagued by a creative block which leaves him unable to finish the score for his big comeback opera. When his former therapist-turned-wife Patricia suggests he rekindle his creativity by getting lost in the city, Steven sets out in search of inspiration. His epiphany comes after he meets a spirited woman named Katrina and discovers his life has much more potential than he bargained for, or ever could have imagined.","['Round Films', 'Killer Films', 'Protagonist Pictures', 'Somewhere Pictures']",13478,4797,2233,7,127,391,546,1526,1780,2890,1710,1261,223,317,10771,https://letterboxd.com/film/she-came-to-me/
Locked Down,2021,Doug Liman,"['Anne Hathaway', 'Chiwetel Ejiofor', 'Stephen Merchant', 'Dulé Hill', 'Jazmyn Simon', 'Ben Kingsley', 'Ben Stiller', 'Mindy Kaling', 'Lucy Boynton', 'Mark Gatiss', 'Claes Bang', 'Sam Spruell', 'Frances Ruffelle', 'Bobby Schofield', 'Tallulah Greive', 'Katie Leung', 'Eva Röse', 'Mark Lisseman', 'Anna Behne', 'Alexandra Reimer-Duffy', 'Marek Larwood', 'Olivia Onyehara', 'Quinn Dempsey Stiller', 'Louis Ball', 'Dan Ball', 'Romel Onuoha', 'Shereen Gray', 'Andreas Grant', 'Hughie Mann', 'Vito Narcisse Perkins', 'Ross Young']",2.32,nan,"['Crime', 'Comedy', 'Romance']",118,"['UK', 'USA']",English,['English'],"During a COVID-19 lockdown, sparring couple Linda and Paxton call a truce to attempt a high-risk jewellery heist at one of the world's most exclusive department stores, Harrods.","['AGC Studios', 'Storyteller Productions', 'Warner Bros. Pictures']",20394,5546,1613,1,763,1915,1803,3544,2665,2711,1130,620,80,147,15378,https://letterboxd.com/film/locked-down-2021/
Havoc,2005,Barbara Kopple,"['Anne Hathaway', 'Bijou Phillips', 'Shiri Appleby', 'Michael Biehn', 'Joseph Gordon-Levitt', ""Matt O'Leary"", 'Freddy Rodríguez', 'Laura San Giacomo', 'Mike Vogel', 'Raymond Cruz', 'Alexis Dziena', 'Channing Tatum', 'Sam Hennings', 'Cecilia Peck', 'Josh Peck', 'J. D. Pardo', 'Terri Hanauer', 'Sam Bottoms', 'Jocelyn Towne', 'Jillian McWhirter', 'Laura Breckenridge', 'Alysia Joy Powell', 'Jon Erik', 'Tammy Trull', 'Jossara Jinaro', 'Richard Pagano', 'Angela Meryl', 'John Morrissey']",2.39,nan,"['Drama', 'Crime']",85,"['Germany', 'USA']",English,"['English', 'Spanish']","A wealthy Los Angeles teen and her superficial friends wants to break out of suburbia and experience Southern California's ""gangsta"" lifestyle. But problems arise when the preppies get in over their heads and provoke the wrath of a violent Latino gang. Suddenly, their role-playing seems a little too real.","['Media 8 Entertainment', 'New Line Cinema']",14589,3127,1214,9,529,970,965,2014,1530,1628,598,456,60,158,8908,https://letterboxd.com/film/havoc/
Family Guy Presents: It's a Trap!,2010,Peter Shin,"['Seth MacFarlane', 'Alex Borstein', 'Seth Green', 'Mila Kunis', 'Carrie Fisher', 'H. Jon Benjamin', 'Mike Henry', 'Patrick Warburton', 'Dee Bradley Baker', 'Adam West', 'John G. Brennan', 'Mark Hentemann', 'Patrick Stewart', 'Colin Ford', 'Mary Hart', 'Anne Hathaway', 'Steve Callaghan', 'Rush Limbaugh', 'Bruce McGill', 'Michael Dorn', 'Yara Shahidi', 'John Viener', 'Max Burkholder', 'Alec Sulkin', 'Chris Cox', 'Chris Edgerly', 'Chris Sheridan', 'Danny Smith', 'Ralph Garman', 'Robin Walsh', 'Ted Knight', 'Conway Twitty']",3.25,nan,"['Science Fiction', 'TV Movie', 'Comedy', 'Animation']",43,['USA'],English,['English'],"With the Griffins stuck again at home during a blackout, Peter tells the story of “Star Wars Episode VI: Return of the Jedi.”","['20th Century Fox Television', 'Fuzzy Door Productions', 'Fox Television Animation']",43935,2993,5696,17,217,462,440,1583,2120,6509,3571,3141,454,1086,19583,https://letterboxd.com/film/family-guy-presents-its-a-trap/
The Last Thing He Wanted,2020,Dee Rees,"['Anne Hathaway', 'Ben Affleck', 'Rosie Perez', 'Willem Dafoe', 'Edi Gathegi', 'Mel Rodriguez', 'Onata Aprile', 'Toby Jones', 'Carlos Leal', 'Ben Chase', 'Julian Gamble', 'Robert Sedgwick', 'Bill Kelly', 'David Vadim', 'César Galindez', 'Diomedes Rodriguez', 'Casiano Ancalle', 'Lee Markham', 'Betty Jeune', 'Laura Niemi', 'James Scully', 'Danny Loecken', 'Adam Hose', 'J. Scott Browning', 'DeVere Jehl', 'Dylan Wilson Barnes', 'Ed Berliner', 'Charles Gemmill', 'Barbara Andres', 'Sewell Whitney', 'Jené', 'Sarah Tolan-Mee', 'Janayra Reyes', 'Sandra Rodriguez', 'Yetta Gottesman', 'Romain Gateau', 'Antonio De Leo', 'Luis Echeverri', 'Brian Rechkemmer', 'Josette Pagan', 'Juan Carlos Diaz', 'Aurelio Lima', 'Camilo José Torres', 'Yasiel Trinidad', 'Marcos Ramos', 'Sulma Hernández', 'Maurim E. Chiclana Andino', 'María Ruperto', 'Norman Santiago', 'Axel Cintrón', 'Mariel Pabón', 'Francisco Viñolo', 'Kira Kirk', 'Jason Lumberjack Johnson', 'Matt Minich', 'Christopher Páez Rivera', 'Michael Biggam', 'Norman Grant', 'Iván Llanos', 'Abraham Henderson', 'Julio Gastón Ramos', 'Ndsettia Argyle', 'Michael Ray Davis', 'Lee Poehlman', 'Florent Gateau']",1.91,nan,"['Thriller', 'Drama']",116,"['UK', 'USA']",English,"['English', 'French', 'Spanish']","At the turning point of the Iran-Contra affair, Elena McMahon, a fearless investigative journalist covering the 1984 US presidential campaign, puts herself in danger when she abandons her assigned task in order to fulfill the last wish of her ailing father, a mysterious man whose past activities she barely knows.","['Elevated Films', 'Little Red Hen', 'The Fyzz']",14777,4721,623,1,1055,2448,1977,2619,1108,1034,324,270,31,84,10950,https://letterboxd.com/film/the-last-thing-he-wanted/
Mother Mary,nan,David Lowery,"['Anne Hathaway', 'Michaela Coel', 'Hunter Schafer', 'FKA Twigs', 'Kaia Gerber', 'Alba Baptista', 'Jessica Brown Findlay', 'Sian Clifford', 'Isaura Barbé-Brown']",nan,nan,"['Music', 'Drama']",nan,"['Germany', 'UK', 'USA']",English,['English'],An epic pop melodrama following a fictional musician and her relationship with an iconic fashion designer.,"['A24', 'Homebird Productions', 'Augenschein Filmproduktion', 'Topic Studios', 'Sailor Bear']",70,3185,49,0,0,0,0,0,0,0,0,0,0,0,0,https://letterboxd.com/film/mother-mary-1/
Passengers,2008,Rodrigo García,"['Anne Hathaway', 'Patrick Wilson', 'Andre Braugher', 'Dianne Wiest', 'David Morse', 'William B. Davis', 'Ryan Robbins', 'Clea DuVall', 'Don Thompson', 'Andrew Wheeler', 'Chelah Horsdal', 'Elzanne Fourie', 'Stacy Grant', 'Conner Dwelly', 'Claire Smithies', 'Karen Elizabeth Austin']",2.59,nan,"['Drama', 'Thriller', 'Romance', 'Mystery']",93,"['Canada', 'USA']",English,['English'],"After a plane crash, a young therapist, Claire, is assigned by her mentor to counsel the flight's five survivors. When they share their recollections of the incident -- which some say include an explosion that the airline claims never happened -- Claire is intrigued by Eric, the most secretive of the passengers.","['TriStar Pictures', 'Mandate Pictures', 'Persistent Entertainment', 'Intuition Films', 'Mandate International']",17313,1796,1092,6,231,692,775,1876,1703,2294,887,661,108,207,9434,https://letterboxd.com/film/passengers/
Interstellar: Nolan's Odyssey,2014,Dan Storey,"['Alex Zane', 'Michael Caine', 'Jessica Chastain', 'Anne Hathaway', 'Hugh Jackman', 'Matthew McConaughey', 'Christopher Nolan', 'Hoyte van Hoytema', 'Nathan Crowley']",3.98,nan,['Documentary'],23,['UK'],English,['English'],A look behind the lens of Christopher Nolan's space epic.,['Sky Movies'],18777,1058,4686,190,59,105,43,191,209,847,862,2655,1141,3656,9768,https://letterboxd.com/film/interstellar-nolans-odyssey/
WeCrashed,2022,"John Requa, Glenn Ficarra","['Jared Leto', 'Anne Hathaway', 'Kyle Marvin']",3.49,nan,['Drama'],427,['USA'],English,['English'],"Inspired by actual events — and the love story at the center of it all. WeWork grew from a single coworking space into a global brand worth $47 billion in under a decade. Then, in less than a year, its valuation dropped $40 billion. What happened?","['Wondery', 'Paradox', 'Zaftig Films', 'Somewhere Pictures', 'Piece of Work Productions', 'Vorpal Rabbit']",7436,1207,1439,1,25,41,50,217,289,1041,1337,1429,243,332,5004,https://letterboxd.com/film/wecrashed/
Song One,2014,Kate Barker-Froyland,"['Anne Hathaway', 'Johnny Flynn', 'Mary Steenburgen', 'Ben Rosenfield', 'Lola Kirke', 'Gideon Glick', 'Al Thompson', 'Jessamine Kelley', 'Cass Dillon', 'Sarah Steele', 'Li Jun Li', 'Kitty Crystal', 'Grace Rex', 'Roderick Hill', 'Shawn Parsons', 'Peter Francis James', 'Katrina E. Perkins', 'Emily McKinley Hill', 'Sharon Van Etten']",2.84,nan,['Drama'],86,['USA'],English,['English'],"Estranged from her family, Franny returns home when an accident leaves her brother comatose. Retracing his life as an aspiring musician, she tracks down his favorite musician, James Forester. Against the backdrop of Brooklyn’s music scene, Franny and James develop an unexpected relationship and face the realities of their lives.","['Worldview Entertainment', 'Marc Platt Productions']",7680,1552,772,5,53,174,232,787,781,1200,529,367,60,133,4316,https://letterboxd.com/film/song-one/
Ending the Knight,2012,Jason Hillhouse,"['Christian Bale', 'Michael Caine', 'Nestor Carbonell', 'Graham Churchyard', 'Chris Corbould', 'George Cottle', 'Nathan Crowley', 'Kevin De La Noy', 'Scott R. Fisher', 'Paul J. Franklin', 'Morgan Freeman', 'Rob Garlow', 'Jordan Goldberg', 'Joseph Gordon-Levitt', 'Marion Cotillard', 'David S. Goyer', 'Dan Grace', 'Tom Hardy', 'Anne Hathaway', 'Lindy Hemming', 'Ken J. Johnson', 'Kevin Kavanaugh', 'Richard King', 'John Lee', 'Christopher Nolan', 'Jonathan Nolan', 'Gary Oldman', 'Nilo Otero', 'Wally Pfister', 'Buster Reeves', 'Charles Roven', 'Lee Smith', 'Tom Struthers', 'Emma Thomas', 'Jolene Van Vugt', 'Hans Zimmer', 'Joe Fishel']",3.76,nan,['Documentary'],111,nan,English,['English'],"A comprehensive look into how Director Christopher Nolan and his production team made ""The Dark Knight Rises"" the epic conclusion to the Dark Knight legend. These cover stunts and action, production/vehicle design, various effects, photography and shooting IMAX, sets and locations, sound design and music, story/character areas, cast and performances, and some general thoughts about the series.",nan,15832,492,2582,1,22,32,15,128,177,1130,958,2279,450,1302,6493,https://letterboxd.com/film/ending-the-knight/
Nicholas Nickleby,2002,Douglas McGrath,"['Charlie Hunnam', 'Nathan Lane', 'Jim Broadbent', 'Christopher Plummer', 'Jamie Bell', 'Anne Hathaway', 'Alan Cumming', 'Timothy Spall', 'Romola Garai', 'Andrew Havill', 'Stella Gonet', 'Hugh Mitchell', 'Tom Courtenay', 'Juliet Stevenson', 'Lucy Davis', 'Kevin McKidd', 'Edward Fox', 'Nicholas Rowe', 'Angus Wright', 'Barry Humphries', 'Eileen Walsh', 'Mark Wells', 'Daisy Haggard', 'Phil Davis', 'Gerard Horan', 'William Ash', 'Sophie Thompson', 'David Bradley', 'Edward Hogg', 'Roger Ashton-Griffiths', 'Angela Curran', 'Bruce Cook']",3.25,nan,"['Drama', 'Adventure']",132,"['UK', 'USA']",English,['English'],"Nicholas Nickleby, a young boy in search of a better life, struggles to save his family and friends from the abusive exploitation of his coldheartedly grasping uncle.","['Hart-Sharp Entertainment', 'Potboiler Productions', 'United Artists']",7177,1940,900,7,20,69,65,333,359,1038,748,580,131,177,3520,https://letterboxd.com/film/nicholas-nickleby/
The Fire Rises: The Creation and Impact of The Dark Knight Trilogy,2013,Jason Hillhouse,"['Michael Uslan', 'Jeff Jensen', 'Damon Lindelof', 'Emma Thomas', 'Jeff Robinov', 'Christopher Nolan', 'Greg Silverman', 'Richard Roeper', 'Paul Dini', 'Guillermo del Toro', 'Chris Hardwick', 'David S. Goyer', 'Nathan Crowley', 'Paul Levitz', 'Jonathan Nolan', 'Zack Snyder', 'Michael Mann', ""Denny O'Neil"", 'Charles Roven', 'Jordan Goldberg', 'Geoff Johns', 'John Papsidera', 'Lindy Hemming', 'Sue Kroll', 'Christian Bale', 'Michael Caine', 'Aaron Eckhart', 'Morgan Freeman', 'Gary Oldman', 'Maggie Gyllenhaal', 'Heath Ledger', 'Liam Neeson', 'Tom Hardy', 'Anne Hathaway', 'Marion Cotillard', 'Anthony Michael Hall', 'Tom Wilkinson', 'Eion Bailey', 'Cillian Murphy', 'Amy Adams', 'Eric Roberts', 'Rutger Hauer', 'Tom Conti']",3.75,nan,['Documentary'],76,nan,English,['English'],"This feature-length documentary delves into the trilogy, opening with the inspiration and vision for the new Batman films and inching its way toward the Rises finale and the culmination of nearly a decade of creative blood, sweat and tears. Candid, thoughtful and extensive, and comprised of revealing behind-the-scenes footage, countless interviews, audition tapes (with Christian Bale and Cillian Murphy doning the cape and cowl), and a narrative grip and momentum all its own, it leaves no stone unturned.",['New Wave Entertainment'],4199,509,815,5,4,16,8,39,66,271,273,557,138,310,1682,https://letterboxd.com/film/the-fire-rises-the-creation-and-impact-of-the-dark-knight-trilogy/
Girl Rising,2013,Richard Robbins,"['Liam Neeson', 'Freida Pinto', 'Anne Hathaway', 'Alicia Keys', 'Meryl Streep', 'Cate Blanchett', 'Priyanka Chopra Jonas', 'Kerry Washington', 'Salma Hayek Pinault', 'Selena Gomez', 'Sammy Sheik', 'Said Faraj', 'Chloë Grace Moretz']",3.53,nan,['Documentary'],101,"['India', 'USA']",English,['English'],Nine filmmakers each profile a young girl from a different part of the world to weave a global tapestry of youth in the 21st century.,"['The Documentary Group', 'Vulcan Productions']",2164,589,269,2,8,17,9,57,62,193,129,234,48,153,910,https://letterboxd.com/film/girl-rising/
Valentino: The Last Emperor,2008,Matt Tyrnauer,"['Giorgio Armani', 'Valentino Garavani', 'Giancarlo Giammetti', 'Doutzen Kroes', 'Nati Abascal', 'Jeannie Becker', 'Marisa Berenson', 'Matthew Broderick', 'Michael Caine', 'Joan Collins', 'Jacqueline de Ribes', 'Alessandra Facchinetti', 'Dante Ferretti', 'Tom Ford', 'Anne Hathaway', 'Elizabeth Hurley', 'Karl Lagerfeld', 'Elle Macpherson', 'Donatella Versace', 'Diane von Fürstenberg', 'Alek Wek', 'Anna Wintour', 'Gwyneth Paltrow']",3.47,nan,['Documentary'],96,['USA'],English,"['English', 'Italian', 'French']","Film which travels inside the singular world of one of Italy's most famous fashion designers, Valentino Garavani, documenting the colourful and dramatic closing act of his celebrated career and capturing the end of an era in global fashion. However, at the heart of the film is a love story - the unique relationship between Valentino and his business partner and companion of 50 years, Giancarlo Giammetti. Capturing intimate moments in the lives of two of Italy's richest and most famous men, the film lifts the curtain on the final act of a nearly 50-year reign at the top of the glamorous and fiercely competitive world of fashion. (Storyville)",['Acolyte Films'],1612,866,210,1,2,6,5,24,68,233,190,167,24,63,782,https://letterboxd.com/film/valentino-the-last-emperor/
Catwoman: The Feline Femme Fatale,2021,Constantine Nasr,"['Tara Strong', 'Michelle Pfeiffer', 'Anne Hathaway', 'Zoë Kravitz', 'Eartha Kitt', 'Halle Berry', 'Julie Newmar', 'Lee Meriwether', 'Camren Bicondova', 'Alex Ross', 'Jeph Loeb', 'Adrienne Barbeau', 'Michael Uslan', 'Bob Kane', 'Paul Levitz', 'Frank Miller', 'Dan Didio', 'Sam Strangis', 'Adam West', 'Tim Burton', 'Daniel Waters', 'Denise Di Novi', 'Bruce Timm', 'Danny DeVito', 'Paul Dini', 'Dan Riba', 'Sharon Stone', 'Christopher Nolan', 'Jonathan Nolan', 'Emma Thomas', 'Christian Bale', 'Tze Chun', 'Seth Boston', 'Matt Reeves', 'Dylan Clark', 'Suzan Colón', 'Bryan Wynbrandt', 'John Stephens']",3.32,nan,['Documentary'],40,['USA'],English,['English'],A documentary about the history of Catwoman from DC.,['DC Comics'],1380,337,234,0,4,9,14,40,47,211,140,127,15,55,662,https://letterboxd.com/film/catwoman-the-feline-femme-fatale/
Flowervale Street,2025,David Robert Mitchell,"['Anne Hathaway', 'Ewan McGregor', 'Christian Convery', 'Maisy Stella', 'Jordan Alexa Davis', 'P.J. Byrne']",nan,nan,"['Adventure', 'Thriller']",nan,['USA'],English,['English'],Rumored to be a dinosaur movie set in the 1980s.,"['Jackson Pictures', 'Bad Robot', 'Warner Bros. Pictures', 'Good Fear']",19,588,14,0,0,0,0,0,0,0,0,0,0,0,0,https://letterboxd.com/film/flowervale-street/
The Other Side of Heaven,2001,Mitch Davis,"['Christopher Gorham', 'Anne Hathaway', 'Joe Folau', 'Miriama Smith', 'Gerald R. Molen', 'Nathaniel Lees', 'Alvin Fitisemanu', ""Peter Sa'ena Brown"", 'Whetu Fala', 'John Sumner', 'Paula Keenan', 'Pua Magasiva', 'Mary Taio', 'Stig Eldred']",2.87,nan,"['Action', 'Adventure', 'Family', 'Drama']",113,['USA'],English,"['English', 'Tonga (Tonga Islands)']","John H. Groberg, a middle class kid from Idaho Falls, crosses the Pacific to become a Mormon missionary in the remote and exotic Tongan island kingdom during the 1950's. He leaves behind a loving family and the true love of his life, Jean. Through letters and musings across the miles, John shares his humbling and sometimes hilarious adventures with ""the girl back home"", and her letters buoy up his spirits in difficult times. John must struggle to overcome language barriers, physical hardship and deep-rooted suspicion to earn the trust and love of the Tongan people he has come to serve. Throughout his adventure-filled three years on the islands, he discovers friends and wisdom in the most unlikely places. John H. Groberg's Tongan odyssey will change his life forever.","['3Mark Entertainment', 'Molen/Garbett Productions', 'Walt Disney Studios Home Entertainment']",3088,722,260,1,62,94,75,195,194,361,161,122,24,47,1335,https://letterboxd.com/film/the-other-side-of-heaven/
Sesame Street,nan,Jonathan Krisel,"['Anne Hathaway', 'Matt Vogel', 'Ryan Dillon', 'Chance the Rapper']",nan,nan,"['Music', 'Family', 'Comedy']",nan,['USA'],English,['English'],"Big Bird and his Sesame Street friends are mysteriously expelled from their neighborhood, finding themselves in Manhattan. They team up with a plucky history show host Sally Hawthorne who’s on a quest to save her show and prove that Sesame Street actually exists, with obstacles created by the “evil” Mayor, with reasons of his own for keeping Sesame Street hidden from the world.","['Warner Bros. Pictures', 'Metro-Goldwyn-Mayer', 'Sesame Workshop']",811,373,84,0,0,0,0,0,0,0,0,0,0,0,0,https://letterboxd.com/film/sesame-street/
Barbra: The Music ... The Mem'ries ... The Magic!,2017,"Jim Gable, Barbra Streisand","['Barbra Streisand', 'Martin Erlichman', 'James Brolin', 'Jamie Foxx', 'Alec Baldwin', 'Antonio Banderas', 'Anne Hathaway', 'Hugh Jackman', 'Seth MacFarlane', 'Melissa McCarthy', 'Chris Pine', 'Daisy Ridley', 'Patrick Wilson']",3.58,nan,['Music'],108,['USA'],English,['English'],"Iconic songstress Barbra Streisand culminates her 13-city tour in Miami with dazzling ballads, Broadway standards and stories from behind the scenes.",nan,1285,377,321,1,1,5,5,18,31,125,138,198,35,132,688,https://letterboxd.com/film/barbra-the-music-the-memries-the-magic/
Letters to Jackie: Remembering President Kennedy,2013,Bill Couturié,"['Anne Hathaway', 'Bérénice Bejo', 'Michelle Williams', 'Kirsten Dunst', 'Chris Cooper', 'Demián Bichir', 'Jessica Chastain', 'Zooey Deschanel', 'Allison Janney', 'John Krasinski', 'Melissa Leo', 'Laura Linney', 'Chloë Grace Moretz', 'Octavia Spencer', 'Hailee Steinfeld', 'Betty White', 'Oliver Platt', 'Channing Tatum', 'Mark Ruffalo']",nan,nan,['Documentary'],88,['USA'],English,['English'],"Revisits President John F. Kennedy's presidential legacy through 21 of the more than 800,000 condolence letters written to Jackie Kennedy after JFK's assassination. Based on a book by Ellen Fitzpatrick",nan,222,165,28,0,1,1,1,8,11,26,10,10,3,2,73,https://letterboxd.com/film/letters-to-jackie-remembering-president-kennedy/
Don Peyote,2014,"Dan Fogler, Michael Canzoniero","['Dan Fogler', 'Kelly Hutchinson', 'Yang Miller', 'Jay Baruchel', 'Josh Duhamel', 'Joe Coleman', 'Meital Dohan', 'Anne Hathaway', 'Annabella Sciorra', 'Dean Winters', 'Daniel Pinchbeck', 'Topher Grace', 'Wallace Shawn', 'Abel Ferrara', 'Lauren Francesca', 'Wen Yann Shih', 'Montanna Gillis', 'Reka Rene', 'Ilana Levine', 'Dani Baum', 'Robert Walker', 'Elisabeth Harnois', 'Sarabeth Stroller', 'Natasha King']",2.78,nan,['Comedy'],90,['USA'],English,['English'],"An ordinary guy delves deep into counterculture, conspiracy theories and the like as he tries to discern the structure of society.","['Casadelic Pictures', 'Studio13', 'Redwire Pictures']",306,398,29,0,43,38,21,36,26,21,6,5,0,6,202,https://letterboxd.com/film/don-peyote/
Les Misérables: The History of the World's Greatest Story,2013,Alan Byron,"['Cameron Mackintosh', 'Alfie Boe', 'Lea Salonga', 'Frances Ruffelle', 'Tom Hooper', 'Hugh Jackman', 'Russell Crowe', 'Anne Hathaway', 'Amanda Seyfried', 'Sacha Baron Cohen', 'Eddie Redmayne', 'Isabelle Allen', 'Samantha Barks', 'Aaron Tveit']",3.28,nan,['Documentary'],56,nan,English,['English'],"From Victor Hugo`s classic French novel of the nineteenth century to Tom Hooper`s award winning blockbuster, Les Misérables has undergone one of the most successful transitions from book to stage to screen. In this new documentary, the scintillating journey of Hugo`s universal story is traced from book to stage to screen with contributions from those who have starred in and helped to create the entertainment phenomenon which has captured a place in everyone`s hearts. Helmed by entertainment and celebrity journalist Neil Sean, this insightful documentary traces the events of the Paris insurrection in 1832 and features excerpts from the restored 1978 Les Misérables lm starring Anthony Perkins alongside interviews with Frances Ruffelle, Hugh Jackman, Nick Jonas, Tom Hooper, Alfie Boe, Amanda Seyfried, Sir Cameron Mackintosh and Anne Hathaway.",['A2B Media'],967,85,108,0,4,17,20,42,37,118,48,65,11,56,418,https://letterboxd.com/film/les-miserables-the-history-of-the-worlds-greatest-story/
The Lifeboat,nan,Deniz Gamze Ergüven,['Anne Hathaway'],nan,nan,['Drama'],nan,['USA'],English,['English'],"Grace Winter, a young woman on trial for murder, recounts the tale of how she survived a shipwreck at sea in a lifeboat that initially carried too many people.","['Focus Features', 'Entertainment 360', 'Working Title Films']",15,237,8,0,0,0,0,0,0,0,0,0,0,0,0,https://letterboxd.com/film/the-lifeboat-1/
Sesame Street: Elmo's Christmas Countdown,2007,Gary Halvorson,"['Kevin Clash', 'Leslie Carrara-Rudolph', 'Tyler Bunch', 'Fran Brill', 'Sheryl Crow', 'Anne Hathaway', 'Jennifer Hudson', 'Alicia Keys', 'Joey Mazzarino', 'Jerry Nelson', 'Caroll Spinney', 'Kevin James', 'Jamie Foxx', 'Ben Stiller', 'Pam Arciero', 'Alan Muraoka', 'Ty Pennington', 'Charles Gibson', 'Steve Schirripa', 'Tony Sirico', 'Brad Paisley']",3.39,nan,"['TV Movie', 'Family']",60,nan,English,['English'],Sesame Street characters help Elmo count down the days leading up to Christmas.,nan,588,270,122,1,3,9,8,21,20,65,31,32,4,64,257,https://letterboxd.com/film/sesame-street-elmos-christmas-countdown/
Inside 'Interstellar',2015,"Jason Hillhouse, Jordan Goldberg","['Christopher Nolan', 'Emma Thomas', 'Lynda Obst', 'Matthew McConaughey', 'Jessica Chastain', 'Anne Hathaway', 'Hans Zimmer', 'Lee Smith', 'Mary Zophres', 'Kip Thorne', 'Jonathan Nolan', 'Casey Affleck', 'Nathan Crowley', 'Jake Myers', 'Rick Sears', 'Daniel M. Stillman', 'Dan Ondrejko', 'George Cottle', 'Topher Grace', 'Scott R. Fisher', 'Mark Fichera', 'Paul J. Franklin', 'Diz Sharpe', 'Marsha Ivins', 'Michael Caine', 'Ian Hunter', 'John Kelso', 'Roger Sayer', 'Hoyte van Hoytema', 'Troy Dederick', 'David Gyasi', 'Nilo Otero', 'Douglas D. Ziegler', 'John Lithgow']",nan,nan,['Documentary'],122,['USA'],English,['English'],"Cast and crew of Christopher Nolan's ""Interstellar"" discuss project origins, the film's imagery, ambitions, incorporating IMAX footage, the human element within the film, arm shooting locations outside of Calgary, the set construction and design, working with real corn, mechanical characters, including backstory, design, the blend of practical and digital effects in bringing them to life, the differences in the characters, the human performances behind the characters, the creative process behind the film's music, Icelandic locations, vehicle interiors, the processes of simulating the absence of gravity, the crucial end-film visuals and influence and inspiration for future generations",['Warner Home Video'],344,61,62,1,0,0,0,4,1,13,16,52,9,25,120,https://letterboxd.com/film/inside-interstellar/
Live Fast Die Hot,nan,nan,['Anne Hathaway'],nan,nan,['Drama'],nan,['USA'],English,['English'],Life for an eccentric New Yorker changes dramatically when she becomes a mom.,['Warner Bros. Pictures'],11,92,8,0,0,0,0,0,0,0,0,0,0,0,0,https://letterboxd.com/film/live-fast-die-hot/
Covidwood,2021,Didier Allouch,"['Didier Allouch', 'Anne Hathaway', 'John David Washington', 'Zendaya', 'Adam Mason', 'Drew T. Pierce', 'Brett Pierce', 'Rob Savage', 'Doug Liman', 'Sam Levinson', 'Jacques Jouffret', 'Jason Blum', 'Tom Rothman', 'Lance Alspaugh', 'Stephen Lighthill', 'Joana Vicente', 'Cameron Bailey', 'Patrick Corcoran', 'Karie Bible', 'Nick Weeks', 'Sharon Waxman']",nan,nan,['Documentary'],54,"['France', 'USA']",French,"['French', 'English']",A French documentary on how Covid-19 affected Hollywood and the cinema industry in the United States.,"['Canal+', 'La Jolla Productions']",123,34,11,0,0,6,3,12,7,16,1,1,0,1,47,https://letterboxd.com/film/covidwood/
Wide-Awake,2012,Tierney Gearon,"['Quvenzhané Wallis', 'Anne Hathaway', 'Rebel Wilson', 'Naomi Watts', 'Kerry Washington', 'Keira Knightley', 'Elle Fanning', 'Jennifer Lawrence', 'Helen Hunt', 'Marion Cotillard', 'Shirley MacLaine', 'Amy Adams', 'Emmanuelle Riva']",nan,nan,nan,16,['USA'],English,['English'],"Ingénues, icons, action heroes, divas and the world's next great comedy star: 13 actresses who gave the dreamiest performances of 2012.",['The New York Times'],276,60,14,0,4,5,5,10,22,30,11,6,0,4,97,https://letterboxd.com/film/wide-awake-2012/
PoliWood,2009,Barry Levinson,"['Richard Abramowitz', 'Stephen Baldwin', 'Annette Bening', 'Ellen Burstyn', 'Rachael Leigh Cook', 'David Crosby', 'Alan Cumming', 'Tim Daly', 'Robert Davi', 'Charlie Daniels', 'Dana Delany', 'Giancarlo Esposito', 'Tom Fontana', 'Danny Glover', 'Anne Hathaway', 'Spike Lee', 'Josh Lucas', 'Matthew Modine', 'Tom Morello', 'Gloria Reuben', 'Susan Sarandon', 'Richard Schiff', 'Ron Silver', 'Sting', 'Lynn Whitfield', 'Will.i.am']",nan,nan,['Documentary'],90,['USA'],English,['English'],An in-depth look at the Democratic and Republican national conventions held during the 2008 U.S. Presidential election year.,"['The Creative Coalition', 'Baltimore Pictures']",177,91,6,0,6,8,6,17,11,26,7,8,1,1,91,https://letterboxd.com/film/poliwood/
The Happy Days of Garry Marshall,2020,John Scheinfeld,"['Julie Andrews', 'Abigail Breslin', 'Yvette Nicole Brown', 'Pam Dawber', 'Michael Eisner', 'Hector Elizondo', 'Cary Elwes', 'Lowell Ganz', 'Jennifer Garner', 'Richard Gere', 'Anne Hathaway', 'Barbara Hershey', 'Kate Hudson', 'Ron Howard', 'Jeffrey Katzenberg', 'Jimmy Kimmel', 'Ashton Kutcher', 'David Lander', 'Rob Lowe', 'Barbara Marshall', 'Garry Marshall', 'Kathleen Marshall', 'Lori Marshall', 'Penny Marshall', 'Scott Marshall', 'Michael McKean', 'Don Most', 'Chris Pine', 'Julia Roberts', 'Marion Ross', 'John Stamos', 'Anson Williams', 'Cindy Williams', 'Henry Winkler']",nan,nan,"['TV Movie', 'Documentary']",84,['USA'],English,['English'],"In a heartfelt tribute to Hollywood legend Garry Marshall, his family and friends share their favorite memories of the creative genius behind some of the most memorable series in television history.",['Greengrass Productions'],171,59,24,0,1,0,0,5,5,29,12,20,4,6,82,https://letterboxd.com/film/the-happy-days-of-garry-marshall/
A Place in Time,2007,Angelina Jolie,"['Hazel Armenante', 'Nicole Barré', 'Jude Law', 'Anne Hathaway', 'Djimon Hounsou', 'Angelina Jolie']",nan,nan,['Documentary'],70,nan,English,['English'],"The film takes a look at the daily lives of people in more than two dozen countries around the world during the course of a week. In the film, celebrity friends of Jolie visit orphanages, refugee camps and other areas of concern in an effort to raise awareness and encourage cultural understanding. It is an experimental documentary that seeks to capture both the diversity of life around the globe and the similarities of the human spirit by filming in many places in the world at precisely the same moment.",nan,46,54,6,0,0,0,0,1,3,2,1,1,0,3,11,https://letterboxd.com/film/a-place-in-time-2007/
French Children Don't Throw Food,nan,nan,['Anne Hathaway'],nan,nan,['Drama'],nan,['USA'],English,['English'],"An American journalist who moves to Paris for her husband's job and raises a family there. As she tries to figure out how to balance her family and career — and battle the feelings that she is failing at both — she observes her French neighbors and friends to uncover the secrets behind parenting astonishingly well-behaved French children. She learns, however, that everyone, no matter how perfect they might appear, has their own problems.","['StudioCanal', 'Blueprint Pictures']",9,47,1,0,0,0,0,0,0,0,0,0,0,0,0,https://letterboxd.com/film/french-children-dont-throw-food/
Sesame Street: Elmo's Playdate,2020,Matt Vogel,"['Anne Hathaway', 'Lin-Manuel Miranda', 'Tracee Ellis Ross', 'Ryan Dillon', 'Eric Jacobson', 'Matt Vogel', ""Stephanie D'Abruzzo"", 'David Rudman', 'Peter Linz', 'Martin P. Robinson', 'Leslie Carrara-Rudolph', 'Jennifer Barnhart', 'Frankie Cordero', 'Tyler Bunch', 'Carmen Osbahr', 'Suki Lopez']",nan,nan,['Family'],30,['USA'],English,['English'],"Part of Sesame Workshop's ""Caring for Each Other"" Initiative, Sesame Street: Elmo's Playdate offers families a moment of joy and connection in challenging times.",['Sesame Workshop'],167,87,28,0,3,5,2,7,6,18,4,5,0,8,58,https://letterboxd.com/film/sesame-street-elmos-playdate/
Bum's Rush,nan,Aaron Schneider,"['Anne Hathaway', 'Bill Murray']",nan,nan,nan,nan,nan,English,['English'],"The relationship between Pearl, a highly skilled custom boot maker who crosses paths with a singular stray dog Bum. The two highly independent souls find themselves at a serious crossroads, one that will change both their hearts and minds in ways they can hardly imagine.",nan,11,75,3,0,0,0,0,0,0,0,0,0,0,0,0,https://letterboxd.com/film/bums-rush/
Seesaw Monster,nan,nan,"['Anne Hathaway', 'Salma Hayek Pinault']",nan,nan,nan,nan,nan,English,['English'],Plot TBA.,"['Ventanarosa Productions', 'Somewhere Pictures']",8,72,2,0,0,0,0,0,0,0,0,0,0,0,0,https://letterboxd.com/film/seesaw-monster/
"Mr. Runner Up: My Life as an Oscar Bridesmaid, Part 2",2016,"Alexander Buono, Rhys Thomas","['Bill Hader', 'Fred Armisen', 'Helen Mirren', 'Peter Fonda', 'Anne Hathaway', 'Laura Bell Bundy']",nan,nan,nan,22,nan,English,['English'],"A candid docu-memoir of Hollywood Legend Jerry Wallach, and his forty year quest to win an Oscar.",['Broadway Video'],198,18,40,0,0,0,0,1,1,11,5,18,5,13,54,https://letterboxd.com/film/mr-runner-up-my-life-as-an-oscar-bridesmaid-part-2/
10 Mountains 10 Years,2010,nan,['Anne Hathaway'],nan,nan,['Documentary'],78,nan,English,['English'],"Chronicling the worldwide epic created by mountain climber Enzo Simone. 10 Mountains 10 Years follows his international team of mountain climbers as they scale 10 of the greatest peaks in the world to raise awareness and funds for Alzheimer's and Parkinson's Disease. Focusing on Mt. Kilimanjaro, the film tracks the greatest advances happening in the medical community alongside the team's endurance at altitude. This is a story of hope and of common everyday people coming together to change this world and leave something better behind. A collaboration with the Leeza Gibbons Memory Foundation and the Focus On a Cure Foundation for Parkinson's, proceeds from the film go towards medical research and caregiver programs.",nan,12,7,1,0,0,2,0,0,1,1,0,1,0,0,5,https://letterboxd.com/film/10-mountains-10-years/
Bulgari: Unexpected Wonders,2022,Paolo Sorrentino,"['Zendaya', 'Anne Hathaway']",nan,nan,['Drama'],3,['Italy'],Italian,['Italian'],The advertising is meant to be an invitation to the appreciation of simple things as even the ordinary can turn out to be extraordinary.,nan,36,1,7,0,1,2,1,0,1,5,0,1,0,4,15,https://letterboxd.com/film/bulgari-unexpected-wonders/
Patricia Field: Fashion Visionary,2013,Chris Phoenix,"['Patricia Field', 'Anne Hathaway']",nan,nan,['Documentary'],13,nan,English,['English'],A portrait of costume designer Patricia Field.,['Trailer Park'],13,6,2,0,0,0,0,0,1,2,0,0,0,0,3,https://letterboxd.com/film/patricia-field-fashion-visionary/
